pre_id,post_id,pre_class_label,post_class_label,syn_num,excitation_type
0,12,UNKNOWN,UNKNOWN,1,1
0,13,UNKNOWN,UNKNOWN,2,1
0,54,UNKNOWN,UNKNOWN,2,1
0,55,UNKNOWN,UNKNOWN,4,1
0,56,UNKNOWN,UNKNOWN,7,1
0,57,UNKNOWN,UNKNOWN,1,1
0,59,UNKNOWN,UNKNOWN,1,1
0,67,UNKNOWN,UNKNOWN,5,1
0,112,UNKNOWN,UNKNOWN,1,1
0,189,UNKNOWN,UNKNOWN,1,1
0,190,UNKNOWN,UNKNOWN,1,1
0,197,UNKNOWN,UNKNOWN,3,1
0,199,UNKNOWN,UNKNOWN,1,1
0,245,UNKNOWN,UNKNOWN,2,1
1,12,UNKNOWN,UNKNOWN,1,1
1,13,UNKNOWN,UNKNOWN,1,1
1,53,UNKNOWN,UNKNOWN,1,1
1,55,UNKNOWN,UNKNOWN,1,1
1,56,UNKNOWN,UNKNOWN,5,1
1,59,UNKNOWN,UNKNOWN,1,1
1,66,UNKNOWN,UNKNOWN,3,1
1,189,UNKNOWN,UNKNOWN,1,1
1,198,UNKNOWN,UNKNOWN,5,1
1,200,UNKNOWN,UNKNOWN,1,1
1,204,UNKNOWN,UNKNOWN,1,1
1,244,UNKNOWN,UNKNOWN,2,1
2,0,UNKNOWN,UNKNOWN,1,1
2,3,UNKNOWN,UNKNOWN,1,1
2,53,UNKNOWN,UNKNOWN,2,1
2,54,UNKNOWN,UNKNOWN,3,1
2,59,UNKNOWN,UNKNOWN,1,1
2,70,UNKNOWN,UNKNOWN,1,1
2,80,UNKNOWN,UNKNOWN,1,1
2,82,UNKNOWN,UNKNOWN,1,1
2,111,UNKNOWN,UNKNOWN,1,1
2,125,UNKNOWN,UNKNOWN,1,1
2,131,UNKNOWN,UNKNOWN,1,1
2,149,UNKNOWN,UNKNOWN,1,1
2,185,UNKNOWN,UNKNOWN,1,1
2,192,UNKNOWN,UNKNOWN,1,1
2,194,UNKNOWN,UNKNOWN,5,1
2,195,UNKNOWN,UNKNOWN,3,1
2,196,UNKNOWN,UNKNOWN,2,1
2,203,UNKNOWN,UNKNOWN,1,1
2,204,UNKNOWN,UNKNOWN,1,1
2,207,UNKNOWN,UNKNOWN,2,1
2,217,UNKNOWN,UNKNOWN,1,1
2,219,UNKNOWN,UNKNOWN,1,1
2,231,UNKNOWN,UNKNOWN,1,1
2,235,UNKNOWN,UNKNOWN,1,1
2,239,UNKNOWN,UNKNOWN,1,1
2,250,UNKNOWN,UNKNOWN,1,1
3,1,UNKNOWN,UNKNOWN,1,1
3,2,UNKNOWN,UNKNOWN,2,1
3,22,UNKNOWN,UNKNOWN,1,1
3,53,UNKNOWN,UNKNOWN,5,1
3,54,UNKNOWN,UNKNOWN,1,1
3,58,UNKNOWN,UNKNOWN,2,1
3,60,UNKNOWN,UNKNOWN,1,1
3,67,UNKNOWN,UNKNOWN,1,1
3,68,UNKNOWN,UNKNOWN,1,1
3,69,UNKNOWN,UNKNOWN,1,1
3,83,UNKNOWN,UNKNOWN,1,1
3,111,UNKNOWN,UNKNOWN,1,1
3,112,UNKNOWN,UNKNOWN,1,1
3,150,UNKNOWN,UNKNOWN,2,1
3,181,UNKNOWN,UNKNOWN,1,1
3,194,UNKNOWN,UNKNOWN,7,1
3,195,UNKNOWN,UNKNOWN,4,1
3,196,UNKNOWN,UNKNOWN,1,1
3,208,UNKNOWN,UNKNOWN,2,1
3,224,UNKNOWN,UNKNOWN,1,1
4,0,UNKNOWN,UNKNOWN,1,1
4,20,UNKNOWN,UNKNOWN,12,1
4,51,UNKNOWN,UNKNOWN,5,1
4,153,UNKNOWN,UNKNOWN,1,1
4,185,UNKNOWN,UNKNOWN,15,1
4,194,UNKNOWN,UNKNOWN,1,1
4,201,UNKNOWN,UNKNOWN,2,1
4,240,UNKNOWN,UNKNOWN,2,1
5,1,UNKNOWN,UNKNOWN,1,1
5,19,UNKNOWN,UNKNOWN,1,1
5,21,UNKNOWN,UNKNOWN,8,1
5,44,UNKNOWN,UNKNOWN,1,1
5,52,UNKNOWN,UNKNOWN,4,1
5,75,UNKNOWN,UNKNOWN,1,1
5,178,UNKNOWN,UNKNOWN,1,1
5,186,UNKNOWN,UNKNOWN,16,1
5,195,UNKNOWN,UNKNOWN,3,1
5,201,UNKNOWN,UNKNOWN,3,1
5,239,UNKNOWN,UNKNOWN,1,1
5,241,UNKNOWN,UNKNOWN,2,1
5,253,UNKNOWN,UNKNOWN,1,1
6,10,UNKNOWN,UNKNOWN,6,1
6,12,UNKNOWN,UNKNOWN,7,1
6,13,UNKNOWN,UNKNOWN,1,1
6,22,UNKNOWN,UNKNOWN,2,1
6,40,UNKNOWN,UNKNOWN,3,1
6,43,UNKNOWN,UNKNOWN,2,1
6,53,UNKNOWN,UNKNOWN,2,1
6,54,UNKNOWN,UNKNOWN,3,1
6,55,UNKNOWN,UNKNOWN,2,1
6,57,UNKNOWN,UNKNOWN,1,1
6,58,UNKNOWN,UNKNOWN,4,1
6,66,UNKNOWN,UNKNOWN,1,1
6,67,UNKNOWN,UNKNOWN,3,1
6,74,UNKNOWN,UNKNOWN,2,1
6,153,UNKNOWN,UNKNOWN,1,1
6,199,UNKNOWN,UNKNOWN,1,1
7,11,UNKNOWN,UNKNOWN,10,1
7,13,UNKNOWN,UNKNOWN,10,1
7,40,UNKNOWN,UNKNOWN,1,1
7,44,UNKNOWN,UNKNOWN,3,1
7,54,UNKNOWN,UNKNOWN,2,1
7,55,UNKNOWN,UNKNOWN,1,1
7,56,UNKNOWN,UNKNOWN,2,1
7,57,UNKNOWN,UNKNOWN,5,1
7,58,UNKNOWN,UNKNOWN,2,1
7,67,UNKNOWN,UNKNOWN,1,1
7,77,UNKNOWN,UNKNOWN,3,1
7,150,UNKNOWN,UNKNOWN,1,1
7,170,UNKNOWN,UNKNOWN,1,1
7,189,UNKNOWN,UNKNOWN,1,1
7,190,UNKNOWN,UNKNOWN,1,1
8,17,UNKNOWN,UNKNOWN,1,1
8,18,UNKNOWN,UNKNOWN,7,1
9,19,UNKNOWN,UNKNOWN,13,1
9,40,UNKNOWN,UNKNOWN,1,1
10,0,UNKNOWN,UNKNOWN,1,1
10,12,UNKNOWN,UNKNOWN,10,1
10,14,UNKNOWN,UNKNOWN,2,1
10,20,UNKNOWN,UNKNOWN,1,1
10,40,UNKNOWN,UNKNOWN,3,1
10,41,UNKNOWN,UNKNOWN,1,1
10,43,UNKNOWN,UNKNOWN,1,1
10,49,UNKNOWN,UNKNOWN,3,1
10,77,UNKNOWN,UNKNOWN,1,1
10,113,UNKNOWN,UNKNOWN,1,1
10,192,UNKNOWN,UNKNOWN,1,1
10,217,UNKNOWN,UNKNOWN,1,1
11,1,UNKNOWN,UNKNOWN,1,1
11,7,UNKNOWN,UNKNOWN,2,1
11,13,UNKNOWN,UNKNOWN,14,1
11,21,UNKNOWN,UNKNOWN,1,1
11,40,UNKNOWN,UNKNOWN,1,1
11,42,UNKNOWN,UNKNOWN,1,1
11,73,UNKNOWN,UNKNOWN,1,1
11,76,UNKNOWN,UNKNOWN,1,1
11,77,UNKNOWN,UNKNOWN,3,1
11,193,UNKNOWN,UNKNOWN,2,1
12,18,UNKNOWN,UNKNOWN,1,1
12,40,UNKNOWN,UNKNOWN,1,1
12,53,UNKNOWN,UNKNOWN,2,1
12,55,UNKNOWN,UNKNOWN,5,1
12,111,UNKNOWN,UNKNOWN,1,1
12,188,UNKNOWN,UNKNOWN,4,1
12,192,UNKNOWN,UNKNOWN,1,1
12,195,UNKNOWN,UNKNOWN,1,1
12,197,UNKNOWN,UNKNOWN,2,1
12,198,UNKNOWN,UNKNOWN,13,1
12,221,UNKNOWN,UNKNOWN,2,1
12,222,UNKNOWN,UNKNOWN,2,1
12,243,UNKNOWN,UNKNOWN,4,1
13,54,UNKNOWN,UNKNOWN,1,1
13,56,UNKNOWN,UNKNOWN,3,1
13,59,UNKNOWN,UNKNOWN,1,1
13,185,UNKNOWN,UNKNOWN,1,1
13,187,UNKNOWN,UNKNOWN,4,1
13,197,UNKNOWN,UNKNOWN,16,1
13,198,UNKNOWN,UNKNOWN,1,1
13,221,UNKNOWN,UNKNOWN,1,1
13,242,UNKNOWN,UNKNOWN,3,1
13,244,UNKNOWN,UNKNOWN,1,1
13,270,UNKNOWN,UNKNOWN,3,1
14,10,UNKNOWN,UNKNOWN,5,1
14,23,UNKNOWN,UNKNOWN,1,1
14,41,UNKNOWN,UNKNOWN,2,1
14,49,UNKNOWN,UNKNOWN,2,1
14,56,UNKNOWN,UNKNOWN,2,1
14,57,UNKNOWN,UNKNOWN,1,1
14,58,UNKNOWN,UNKNOWN,1,1
14,60,UNKNOWN,UNKNOWN,1,1
14,61,UNKNOWN,UNKNOWN,4,1
14,62,UNKNOWN,UNKNOWN,1,1
14,64,UNKNOWN,UNKNOWN,2,1
14,65,UNKNOWN,UNKNOWN,1,1
14,66,UNKNOWN,UNKNOWN,1,1
14,179,UNKNOWN,UNKNOWN,1,1
14,192,UNKNOWN,UNKNOWN,1,1
14,240,UNKNOWN,UNKNOWN,1,1
15,11,UNKNOWN,UNKNOWN,5,1
15,42,UNKNOWN,UNKNOWN,2,1
15,48,UNKNOWN,UNKNOWN,2,1
15,50,UNKNOWN,UNKNOWN,3,1
15,58,UNKNOWN,UNKNOWN,1,1
15,61,UNKNOWN,UNKNOWN,1,1
15,62,UNKNOWN,UNKNOWN,1,1
15,113,UNKNOWN,UNKNOWN,1,1
15,114,UNKNOWN,UNKNOWN,2,1
15,152,UNKNOWN,UNKNOWN,1,1
15,176,UNKNOWN,UNKNOWN,1,1
15,193,UNKNOWN,UNKNOWN,1,1
15,218,UNKNOWN,UNKNOWN,1,1
16,9,UNKNOWN,UNKNOWN,5,1
16,39,UNKNOWN,UNKNOWN,3,1
16,42,UNKNOWN,UNKNOWN,1,1
16,52,UNKNOWN,UNKNOWN,1,1
16,78,UNKNOWN,UNKNOWN,3,1
16,187,UNKNOWN,UNKNOWN,1,1
16,188,UNKNOWN,UNKNOWN,2,1
17,8,UNKNOWN,UNKNOWN,4,1
17,9,UNKNOWN,UNKNOWN,1,1
17,10,UNKNOWN,UNKNOWN,2,1
17,12,UNKNOWN,UNKNOWN,2,1
17,39,UNKNOWN,UNKNOWN,1,1
17,40,UNKNOWN,UNKNOWN,1,1
17,52,UNKNOWN,UNKNOWN,1,1
17,79,UNKNOWN,UNKNOWN,3,1
17,187,UNKNOWN,UNKNOWN,2,1
17,191,UNKNOWN,UNKNOWN,1,1
18,20,UNKNOWN,UNKNOWN,13,1
18,72,UNKNOWN,UNKNOWN,3,1
18,76,UNKNOWN,UNKNOWN,1,1
18,77,UNKNOWN,UNKNOWN,1,1
18,114,UNKNOWN,UNKNOWN,1,1
18,185,UNKNOWN,UNKNOWN,7,1
18,187,UNKNOWN,UNKNOWN,4,1
19,5,UNKNOWN,UNKNOWN,1,1
19,21,UNKNOWN,UNKNOWN,8,1
19,73,UNKNOWN,UNKNOWN,1,1
19,113,UNKNOWN,UNKNOWN,1,1
19,186,UNKNOWN,UNKNOWN,6,1
19,188,UNKNOWN,UNKNOWN,2,1
20,10,UNKNOWN,UNKNOWN,3,1
20,12,UNKNOWN,UNKNOWN,2,1
20,13,UNKNOWN,UNKNOWN,8,1
20,39,UNKNOWN,UNKNOWN,1,1
20,60,UNKNOWN,UNKNOWN,5,1
20,108,UNKNOWN,UNKNOWN,1,1
20,185,UNKNOWN,UNKNOWN,8,1
20,194,UNKNOWN,UNKNOWN,1,1
20,197,UNKNOWN,UNKNOWN,4,1
20,238,UNKNOWN,UNKNOWN,9,1
20,240,UNKNOWN,UNKNOWN,7,1
20,273,UNKNOWN,UNKNOWN,1,1
21,11,UNKNOWN,UNKNOWN,1,1
21,12,UNKNOWN,UNKNOWN,8,1
21,13,UNKNOWN,UNKNOWN,1,1
21,59,UNKNOWN,UNKNOWN,4,1
21,60,UNKNOWN,UNKNOWN,1,1
21,108,UNKNOWN,UNKNOWN,1,1
21,186,UNKNOWN,UNKNOWN,7,1
21,198,UNKNOWN,UNKNOWN,4,1
21,239,UNKNOWN,UNKNOWN,5,1
21,241,UNKNOWN,UNKNOWN,3,1
21,243,UNKNOWN,UNKNOWN,1,1
22,2,UNKNOWN,UNKNOWN,1,1
22,53,UNKNOWN,UNKNOWN,1,1
22,59,UNKNOWN,UNKNOWN,2,1
22,60,UNKNOWN,UNKNOWN,1,1
22,208,UNKNOWN,UNKNOWN,1,1
23,58,UNKNOWN,UNKNOWN,1,1
23,59,UNKNOWN,UNKNOWN,1,1
23,80,UNKNOWN,UNKNOWN,6,1
23,82,UNKNOWN,UNKNOWN,3,1
23,84,UNKNOWN,UNKNOWN,2,1
23,170,UNKNOWN,UNKNOWN,2,1
23,171,UNKNOWN,UNKNOWN,1,1
23,206,UNKNOWN,UNKNOWN,1,1
23,217,UNKNOWN,UNKNOWN,1,1
23,228,UNKNOWN,UNKNOWN,1,1
24,81,UNKNOWN,UNKNOWN,5,1
24,83,UNKNOWN,UNKNOWN,1,1
24,85,UNKNOWN,UNKNOWN,1,1
24,171,UNKNOWN,UNKNOWN,3,1
24,205,UNKNOWN,UNKNOWN,1,1
24,230,UNKNOWN,UNKNOWN,1,1
25,223,UNKNOWN,UNKNOWN,3,1
25,239,UNKNOWN,UNKNOWN,2,1
25,244,UNKNOWN,UNKNOWN,1,1
26,3,UNKNOWN,UNKNOWN,1,1
26,220,UNKNOWN,UNKNOWN,1,1
26,224,UNKNOWN,UNKNOWN,2,1
26,238,UNKNOWN,UNKNOWN,2,1
26,243,UNKNOWN,UNKNOWN,1,1
26,244,UNKNOWN,UNKNOWN,1,1
27,53,UNKNOWN,UNKNOWN,1,1
27,54,UNKNOWN,UNKNOWN,3,1
27,55,UNKNOWN,UNKNOWN,3,1
27,56,UNKNOWN,UNKNOWN,4,1
27,57,UNKNOWN,UNKNOWN,1,1
27,58,UNKNOWN,UNKNOWN,1,1
27,66,UNKNOWN,UNKNOWN,1,1
27,78,UNKNOWN,UNKNOWN,2,1
27,79,UNKNOWN,UNKNOWN,2,1
27,171,UNKNOWN,UNKNOWN,2,1
27,177,UNKNOWN,UNKNOWN,1,1
27,185,UNKNOWN,UNKNOWN,3,1
27,186,UNKNOWN,UNKNOWN,1,1
27,252,UNKNOWN,UNKNOWN,1,1
28,86,UNKNOWN,UNKNOWN,2,1
28,286,UNKNOWN,UNKNOWN,5,1
30,155,UNKNOWN,UNKNOWN,1,1
30,156,UNKNOWN,UNKNOWN,1,1
30,290,UNKNOWN,UNKNOWN,2,1
31,95,UNKNOWN,UNKNOWN,1,1
31,102,UNKNOWN,UNKNOWN,1,1
31,291,UNKNOWN,UNKNOWN,10,1
32,88,UNKNOWN,UNKNOWN,1,1
32,102,UNKNOWN,UNKNOWN,1,1
32,291,UNKNOWN,UNKNOWN,1,1
32,292,UNKNOWN,UNKNOWN,15,1
33,34,UNKNOWN,UNKNOWN,1,1
33,293,UNKNOWN,UNKNOWN,11,1
34,103,UNKNOWN,UNKNOWN,1,1
34,294,UNKNOWN,UNKNOWN,9,1
35,295,UNKNOWN,UNKNOWN,13,1
38,54,UNKNOWN,UNKNOWN,1,1
39,5,UNKNOWN,UNKNOWN,1,1
39,10,UNKNOWN,UNKNOWN,3,1
39,12,UNKNOWN,UNKNOWN,7,1
39,13,UNKNOWN,UNKNOWN,2,1
39,18,UNKNOWN,UNKNOWN,13,1
39,19,UNKNOWN,UNKNOWN,6,1
39,76,UNKNOWN,UNKNOWN,4,1
39,77,UNKNOWN,UNKNOWN,1,1
39,186,UNKNOWN,UNKNOWN,1,1
40,8,UNKNOWN,UNKNOWN,1,1
40,9,UNKNOWN,UNKNOWN,2,1
40,10,UNKNOWN,UNKNOWN,1,1
40,11,UNKNOWN,UNKNOWN,3,1
40,12,UNKNOWN,UNKNOWN,2,1
40,13,UNKNOWN,UNKNOWN,10,1
40,18,UNKNOWN,UNKNOWN,2,1
40,19,UNKNOWN,UNKNOWN,14,1
40,73,UNKNOWN,UNKNOWN,1,1
40,76,UNKNOWN,UNKNOWN,1,1
40,77,UNKNOWN,UNKNOWN,1,1
41,10,UNKNOWN,UNKNOWN,9,1
41,12,UNKNOWN,UNKNOWN,3,1
41,17,UNKNOWN,UNKNOWN,1,1
41,49,UNKNOWN,UNKNOWN,1,1
42,11,UNKNOWN,UNKNOWN,10,1
42,13,UNKNOWN,UNKNOWN,2,1
42,19,UNKNOWN,UNKNOWN,1,1
43,0,UNKNOWN,UNKNOWN,1,1
43,4,UNKNOWN,UNKNOWN,3,1
43,10,UNKNOWN,UNKNOWN,7,1
43,12,UNKNOWN,UNKNOWN,5,1
43,49,UNKNOWN,UNKNOWN,1,1
43,53,UNKNOWN,UNKNOWN,2,1
43,55,UNKNOWN,UNKNOWN,6,1
43,57,UNKNOWN,UNKNOWN,2,1
43,58,UNKNOWN,UNKNOWN,2,1
43,185,UNKNOWN,UNKNOWN,4,1
43,197,UNKNOWN,UNKNOWN,1,1
43,199,UNKNOWN,UNKNOWN,1,1
44,1,UNKNOWN,UNKNOWN,2,1
44,5,UNKNOWN,UNKNOWN,2,1
44,11,UNKNOWN,UNKNOWN,10,1
44,13,UNKNOWN,UNKNOWN,3,1
44,54,UNKNOWN,UNKNOWN,5,1
44,56,UNKNOWN,UNKNOWN,3,1
44,57,UNKNOWN,UNKNOWN,5,1
44,58,UNKNOWN,UNKNOWN,1,1
44,60,UNKNOWN,UNKNOWN,3,1
44,114,UNKNOWN,UNKNOWN,1,1
44,178,UNKNOWN,UNKNOWN,1,1
44,186,UNKNOWN,UNKNOWN,2,1
44,218,UNKNOWN,UNKNOWN,2,1
45,12,UNKNOWN,UNKNOWN,1,1
45,18,UNKNOWN,UNKNOWN,2,1
45,20,UNKNOWN,UNKNOWN,1,1
45,40,UNKNOWN,UNKNOWN,1,1
45,49,UNKNOWN,UNKNOWN,2,1
45,76,UNKNOWN,UNKNOWN,1,1
45,77,UNKNOWN,UNKNOWN,1,1
45,187,UNKNOWN,UNKNOWN,1,1
46,10,UNKNOWN,UNKNOWN,1,1
46,11,UNKNOWN,UNKNOWN,3,1
46,13,UNKNOWN,UNKNOWN,1,1
46,39,UNKNOWN,UNKNOWN,2,1
46,44,UNKNOWN,UNKNOWN,1,1
46,76,UNKNOWN,UNKNOWN,1,1
46,77,UNKNOWN,UNKNOWN,1,1
47,49,UNKNOWN,UNKNOWN,4,1
47,113,UNKNOWN,UNKNOWN,1,1
47,114,UNKNOWN,UNKNOWN,1,1
47,179,UNKNOWN,UNKNOWN,14,1
48,50,UNKNOWN,UNKNOWN,4,1
48,114,UNKNOWN,UNKNOWN,1,1
48,180,UNKNOWN,UNKNOWN,13,1
49,10,UNKNOWN,UNKNOWN,11,1
49,12,UNKNOWN,UNKNOWN,2,1
49,14,UNKNOWN,UNKNOWN,2,1
50,11,UNKNOWN,UNKNOWN,11,1
50,15,UNKNOWN,UNKNOWN,1,1
50,73,UNKNOWN,UNKNOWN,1,1
50,85,UNKNOWN,UNKNOWN,1,1
50,193,UNKNOWN,UNKNOWN,1,1
51,53,UNKNOWN,UNKNOWN,3,1
51,58,UNKNOWN,UNKNOWN,1,1
51,59,UNKNOWN,UNKNOWN,3,1
51,185,UNKNOWN,UNKNOWN,5,1
51,187,UNKNOWN,UNKNOWN,9,1
52,19,UNKNOWN,UNKNOWN,1,1
52,54,UNKNOWN,UNKNOWN,1,1
52,60,UNKNOWN,UNKNOWN,4,1
52,186,UNKNOWN,UNKNOWN,6,1
52,188,UNKNOWN,UNKNOWN,13,1
52,253,UNKNOWN,UNKNOWN,1,1
53,29,UNKNOWN,UNKNOWN,2,1
53,30,UNKNOWN,UNKNOWN,4,1
53,31,UNKNOWN,UNKNOWN,1,1
53,32,UNKNOWN,UNKNOWN,1,1
53,33,UNKNOWN,UNKNOWN,1,1
53,34,UNKNOWN,UNKNOWN,3,1
53,36,UNKNOWN,UNKNOWN,8,1
53,37,UNKNOWN,UNKNOWN,5,1
53,38,UNKNOWN,UNKNOWN,8,1
53,54,UNKNOWN,UNKNOWN,2,1
53,56,UNKNOWN,UNKNOWN,1,1
53,57,UNKNOWN,UNKNOWN,1,1
53,64,UNKNOWN,UNKNOWN,1,1
53,86,UNKNOWN,UNKNOWN,2,1
53,87,UNKNOWN,UNKNOWN,2,1
53,88,UNKNOWN,UNKNOWN,6,1
53,89,UNKNOWN,UNKNOWN,7,1
53,90,UNKNOWN,UNKNOWN,7,1
53,91,UNKNOWN,UNKNOWN,11,1
53,92,UNKNOWN,UNKNOWN,2,1
53,93,UNKNOWN,UNKNOWN,4,1
53,94,UNKNOWN,UNKNOWN,3,1
53,99,UNKNOWN,UNKNOWN,2,1
53,100,UNKNOWN,UNKNOWN,1,1
53,135,UNKNOWN,UNKNOWN,1,1
53,170,UNKNOWN,UNKNOWN,10,1
53,171,UNKNOWN,UNKNOWN,6,1
53,259,UNKNOWN,UNKNOWN,5,1
53,260,UNKNOWN,UNKNOWN,6,1
53,261,UNKNOWN,UNKNOWN,2,1
53,262,UNKNOWN,UNKNOWN,1,1
53,263,UNKNOWN,UNKNOWN,2,1
53,264,UNKNOWN,UNKNOWN,2,1
53,265,UNKNOWN,UNKNOWN,3,1
53,266,UNKNOWN,UNKNOWN,4,1
53,268,UNKNOWN,UNKNOWN,9,1
53,269,UNKNOWN,UNKNOWN,7,1
54,3,UNKNOWN,UNKNOWN,1,1
54,28,UNKNOWN,UNKNOWN,1,1
54,29,UNKNOWN,UNKNOWN,1,1
54,30,UNKNOWN,UNKNOWN,6,1
54,31,UNKNOWN,UNKNOWN,2,1
54,32,UNKNOWN,UNKNOWN,1,1
54,33,UNKNOWN,UNKNOWN,1,1
54,34,UNKNOWN,UNKNOWN,1,1
54,35,UNKNOWN,UNKNOWN,2,1
54,36,UNKNOWN,UNKNOWN,3,1
54,37,UNKNOWN,UNKNOWN,6,1
54,38,UNKNOWN,UNKNOWN,5,1
54,53,UNKNOWN,UNKNOWN,1,1
54,55,UNKNOWN,UNKNOWN,1,1
54,57,UNKNOWN,UNKNOWN,1,1
54,58,UNKNOWN,UNKNOWN,2,1
54,59,UNKNOWN,UNKNOWN,2,1
54,60,UNKNOWN,UNKNOWN,2,1
54,86,UNKNOWN,UNKNOWN,2,1
54,87,UNKNOWN,UNKNOWN,2,1
54,88,UNKNOWN,UNKNOWN,3,1
54,89,UNKNOWN,UNKNOWN,6,1
54,90,UNKNOWN,UNKNOWN,2,1
54,91,UNKNOWN,UNKNOWN,11,1
54,92,UNKNOWN,UNKNOWN,3,1
54,93,UNKNOWN,UNKNOWN,8,1
54,94,UNKNOWN,UNKNOWN,2,1
54,97,UNKNOWN,UNKNOWN,1,1
54,99,UNKNOWN,UNKNOWN,1,1
54,100,UNKNOWN,UNKNOWN,5,1
54,135,UNKNOWN,UNKNOWN,1,1
54,136,UNKNOWN,UNKNOWN,3,1
54,157,UNKNOWN,UNKNOWN,1,1
54,158,UNKNOWN,UNKNOWN,1,1
54,170,UNKNOWN,UNKNOWN,7,1
54,171,UNKNOWN,UNKNOWN,5,1
54,194,UNKNOWN,UNKNOWN,1,1
54,225,UNKNOWN,UNKNOWN,1,1
54,226,UNKNOWN,UNKNOWN,3,1
54,259,UNKNOWN,UNKNOWN,4,1
54,260,UNKNOWN,UNKNOWN,8,1
54,262,UNKNOWN,UNKNOWN,2,1
54,263,UNKNOWN,UNKNOWN,5,1
54,264,UNKNOWN,UNKNOWN,2,1
54,265,UNKNOWN,UNKNOWN,1,1
54,266,UNKNOWN,UNKNOWN,3,1
54,268,UNKNOWN,UNKNOWN,12,1
54,269,UNKNOWN,UNKNOWN,6,1
54,290,UNKNOWN,UNKNOWN,2,1
55,29,UNKNOWN,UNKNOWN,1,1
55,32,UNKNOWN,UNKNOWN,1,1
55,33,UNKNOWN,UNKNOWN,1,1
55,34,UNKNOWN,UNKNOWN,1,1
55,35,UNKNOWN,UNKNOWN,1,1
55,38,UNKNOWN,UNKNOWN,1,1
55,53,UNKNOWN,UNKNOWN,7,1
55,54,UNKNOWN,UNKNOWN,7,1
55,56,UNKNOWN,UNKNOWN,1,1
55,57,UNKNOWN,UNKNOWN,1,1
55,58,UNKNOWN,UNKNOWN,2,1
55,59,UNKNOWN,UNKNOWN,1,1
55,60,UNKNOWN,UNKNOWN,2,1
55,70,UNKNOWN,UNKNOWN,1,1
55,176,UNKNOWN,UNKNOWN,1,1
55,259,UNKNOWN,UNKNOWN,1,1
55,262,UNKNOWN,UNKNOWN,1,1
55,267,UNKNOWN,UNKNOWN,1,1
55,273,UNKNOWN,UNKNOWN,1,1
55,283,UNKNOWN,UNKNOWN,1,1
56,28,UNKNOWN,UNKNOWN,1,1
56,29,UNKNOWN,UNKNOWN,1,1
56,32,UNKNOWN,UNKNOWN,1,1
56,33,UNKNOWN,UNKNOWN,1,1
56,34,UNKNOWN,UNKNOWN,1,1
56,35,UNKNOWN,UNKNOWN,1,1
56,36,UNKNOWN,UNKNOWN,1,1
56,53,UNKNOWN,UNKNOWN,6,1
56,54,UNKNOWN,UNKNOWN,7,1
56,55,UNKNOWN,UNKNOWN,1,1
56,90,UNKNOWN,UNKNOWN,1,1
56,114,UNKNOWN,UNKNOWN,1,1
56,264,UNKNOWN,UNKNOWN,1,1
56,269,UNKNOWN,UNKNOWN,1,1
56,292,UNKNOWN,UNKNOWN,1,1
57,28,UNKNOWN,UNKNOWN,1,1
57,29,UNKNOWN,UNKNOWN,1,1
57,30,UNKNOWN,UNKNOWN,2,1
57,33,UNKNOWN,UNKNOWN,1,1
57,34,UNKNOWN,UNKNOWN,1,1
57,53,UNKNOWN,UNKNOWN,13,1
57,54,UNKNOWN,UNKNOWN,19,1
57,86,UNKNOWN,UNKNOWN,1,1
57,87,UNKNOWN,UNKNOWN,1,1
57,88,UNKNOWN,UNKNOWN,4,1
57,89,UNKNOWN,UNKNOWN,1,1
57,90,UNKNOWN,UNKNOWN,1,1
57,93,UNKNOWN,UNKNOWN,1,1
57,135,UNKNOWN,UNKNOWN,1,1
57,170,UNKNOWN,UNKNOWN,1,1
57,225,UNKNOWN,UNKNOWN,1,1
57,226,UNKNOWN,UNKNOWN,1,1
57,227,UNKNOWN,UNKNOWN,1,1
57,265,UNKNOWN,UNKNOWN,1,1
58,29,UNKNOWN,UNKNOWN,1,1
58,34,UNKNOWN,UNKNOWN,1,1
58,53,UNKNOWN,UNKNOWN,16,1
58,54,UNKNOWN,UNKNOWN,15,1
58,55,UNKNOWN,UNKNOWN,1,1
58,57,UNKNOWN,UNKNOWN,2,1
58,86,UNKNOWN,UNKNOWN,2,1
58,87,UNKNOWN,UNKNOWN,1,1
58,88,UNKNOWN,UNKNOWN,1,1
58,89,UNKNOWN,UNKNOWN,1,1
58,90,UNKNOWN,UNKNOWN,2,1
58,93,UNKNOWN,UNKNOWN,1,1
58,94,UNKNOWN,UNKNOWN,1,1
58,98,UNKNOWN,UNKNOWN,1,1
58,110,UNKNOWN,UNKNOWN,1,1
58,135,UNKNOWN,UNKNOWN,2,1
58,169,UNKNOWN,UNKNOWN,1,1
58,225,UNKNOWN,UNKNOWN,1,1
58,226,UNKNOWN,UNKNOWN,3,1
58,227,UNKNOWN,UNKNOWN,1,1
58,260,UNKNOWN,UNKNOWN,1,1
58,262,UNKNOWN,UNKNOWN,1,1
58,263,UNKNOWN,UNKNOWN,2,1
58,266,UNKNOWN,UNKNOWN,1,1
59,28,UNKNOWN,UNKNOWN,1,1
59,53,UNKNOWN,UNKNOWN,12,1
59,54,UNKNOWN,UNKNOWN,7,1
59,86,UNKNOWN,UNKNOWN,5,1
59,87,UNKNOWN,UNKNOWN,1,1
59,88,UNKNOWN,UNKNOWN,3,1
59,89,UNKNOWN,UNKNOWN,1,1
59,171,UNKNOWN,UNKNOWN,1,1
59,182,UNKNOWN,UNKNOWN,1,1
59,225,UNKNOWN,UNKNOWN,6,1
59,226,UNKNOWN,UNKNOWN,7,1
59,227,UNKNOWN,UNKNOWN,3,1
59,258,UNKNOWN,UNKNOWN,5,1
59,263,UNKNOWN,UNKNOWN,3,1
59,291,UNKNOWN,UNKNOWN,1,1
59,292,UNKNOWN,UNKNOWN,1,1
60,28,UNKNOWN,UNKNOWN,3,1
60,31,UNKNOWN,UNKNOWN,2,1
60,32,UNKNOWN,UNKNOWN,1,1
60,53,UNKNOWN,UNKNOWN,7,1
60,54,UNKNOWN,UNKNOWN,16,1
60,58,UNKNOWN,UNKNOWN,1,1
60,86,UNKNOWN,UNKNOWN,5,1
60,87,UNKNOWN,UNKNOWN,3,1
60,88,UNKNOWN,UNKNOWN,1,1
60,97,UNKNOWN,UNKNOWN,1,1
60,225,UNKNOWN,UNKNOWN,2,1
60,226,UNKNOWN,UNKNOWN,3,1
60,227,UNKNOWN,UNKNOWN,3,1
60,258,UNKNOWN,UNKNOWN,1,1
60,262,UNKNOWN,UNKNOWN,1,1
60,263,UNKNOWN,UNKNOWN,2,1
60,264,UNKNOWN,UNKNOWN,1,1
60,265,UNKNOWN,UNKNOWN,1,1
61,55,UNKNOWN,UNKNOWN,1,1
61,56,UNKNOWN,UNKNOWN,2,1
61,62,UNKNOWN,UNKNOWN,7,1
61,63,UNKNOWN,UNKNOWN,1,1
61,64,UNKNOWN,UNKNOWN,2,1
61,65,UNKNOWN,UNKNOWN,4,1
61,66,UNKNOWN,UNKNOWN,1,1
61,67,UNKNOWN,UNKNOWN,1,1
61,70,UNKNOWN,UNKNOWN,1,1
61,113,UNKNOWN,UNKNOWN,1,1
61,158,UNKNOWN,UNKNOWN,1,1
61,175,UNKNOWN,UNKNOWN,2,1
61,179,UNKNOWN,UNKNOWN,1,1
61,180,UNKNOWN,UNKNOWN,1,1
61,270,UNKNOWN,UNKNOWN,1,1
62,47,UNKNOWN,UNKNOWN,1,1
62,49,UNKNOWN,UNKNOWN,1,1
62,55,UNKNOWN,UNKNOWN,1,1
62,56,UNKNOWN,UNKNOWN,5,1
62,61,UNKNOWN,UNKNOWN,1,1
62,64,UNKNOWN,UNKNOWN,2,1
62,65,UNKNOWN,UNKNOWN,1,1
62,66,UNKNOWN,UNKNOWN,1,1
62,67,UNKNOWN,UNKNOWN,1,1
62,114,UNKNOWN,UNKNOWN,1,1
62,179,UNKNOWN,UNKNOWN,1,1
62,288,UNKNOWN,UNKNOWN,1,1
63,54,UNKNOWN,UNKNOWN,3,1
63,55,UNKNOWN,UNKNOWN,1,1
63,56,UNKNOWN,UNKNOWN,2,1
63,58,UNKNOWN,UNKNOWN,1,1
63,59,UNKNOWN,UNKNOWN,1,1
63,60,UNKNOWN,UNKNOWN,1,1
63,61,UNKNOWN,UNKNOWN,1,1
63,66,UNKNOWN,UNKNOWN,1,1
63,70,UNKNOWN,UNKNOWN,1,1
63,93,UNKNOWN,UNKNOWN,1,1
63,159,UNKNOWN,UNKNOWN,2,1
63,170,UNKNOWN,UNKNOWN,1,1
63,176,UNKNOWN,UNKNOWN,1,1
63,178,UNKNOWN,UNKNOWN,1,1
63,180,UNKNOWN,UNKNOWN,1,1
63,182,UNKNOWN,UNKNOWN,1,1
63,260,UNKNOWN,UNKNOWN,1,1
64,5,UNKNOWN,UNKNOWN,3,1
64,55,UNKNOWN,UNKNOWN,1,1
64,56,UNKNOWN,UNKNOWN,1,1
64,57,UNKNOWN,UNKNOWN,1,1
64,61,UNKNOWN,UNKNOWN,1,1
64,62,UNKNOWN,UNKNOWN,3,1
64,65,UNKNOWN,UNKNOWN,1,1
64,66,UNKNOWN,UNKNOWN,3,1
64,75,UNKNOWN,UNKNOWN,1,1
64,178,UNKNOWN,UNKNOWN,2,1
64,179,UNKNOWN,UNKNOWN,1,1
64,180,UNKNOWN,UNKNOWN,2,1
64,198,UNKNOWN,UNKNOWN,1,1
64,201,UNKNOWN,UNKNOWN,3,1
64,239,UNKNOWN,UNKNOWN,1,1
64,241,UNKNOWN,UNKNOWN,2,1
64,286,UNKNOWN,UNKNOWN,1,1
65,6,UNKNOWN,UNKNOWN,1,1
65,7,UNKNOWN,UNKNOWN,2,1
65,27,UNKNOWN,UNKNOWN,2,1
65,55,UNKNOWN,UNKNOWN,2,1
65,56,UNKNOWN,UNKNOWN,1,1
65,58,UNKNOWN,UNKNOWN,1,1
65,61,UNKNOWN,UNKNOWN,2,1
65,62,UNKNOWN,UNKNOWN,1,1
65,64,UNKNOWN,UNKNOWN,1,1
65,67,UNKNOWN,UNKNOWN,4,1
65,175,UNKNOWN,UNKNOWN,1,1
65,177,UNKNOWN,UNKNOWN,3,1
65,194,UNKNOWN,UNKNOWN,1,1
65,201,UNKNOWN,UNKNOWN,4,1
65,238,UNKNOWN,UNKNOWN,1,1
65,240,UNKNOWN,UNKNOWN,1,1
66,54,UNKNOWN,UNKNOWN,1,1
66,55,UNKNOWN,UNKNOWN,1,1
66,56,UNKNOWN,UNKNOWN,4,1
66,57,UNKNOWN,UNKNOWN,1,1
66,59,UNKNOWN,UNKNOWN,1,1
66,62,UNKNOWN,UNKNOWN,1,1
66,64,UNKNOWN,UNKNOWN,2,1
66,114,UNKNOWN,UNKNOWN,1,1
66,166,UNKNOWN,UNKNOWN,2,1
66,170,UNKNOWN,UNKNOWN,1,1
66,171,UNKNOWN,UNKNOWN,2,1
66,176,UNKNOWN,UNKNOWN,1,1
66,193,UNKNOWN,UNKNOWN,1,1
66,202,UNKNOWN,UNKNOWN,1,1
67,53,UNKNOWN,UNKNOWN,1,1
67,54,UNKNOWN,UNKNOWN,1,1
67,55,UNKNOWN,UNKNOWN,3,1
67,56,UNKNOWN,UNKNOWN,1,1
67,57,UNKNOWN,UNKNOWN,1,1
67,58,UNKNOWN,UNKNOWN,3,1
67,60,UNKNOWN,UNKNOWN,3,1
67,66,UNKNOWN,UNKNOWN,1,1
67,170,UNKNOWN,UNKNOWN,2,1
67,171,UNKNOWN,UNKNOWN,4,1
67,180,UNKNOWN,UNKNOWN,1,1
67,226,UNKNOWN,UNKNOWN,1,1
68,55,UNKNOWN,UNKNOWN,1,1
68,59,UNKNOWN,UNKNOWN,2,1
68,60,UNKNOWN,UNKNOWN,1,1
68,71,UNKNOWN,UNKNOWN,1,1
68,108,UNKNOWN,UNKNOWN,1,1
68,157,UNKNOWN,UNKNOWN,3,1
68,158,UNKNOWN,UNKNOWN,1,1
68,174,UNKNOWN,UNKNOWN,1,1
68,197,UNKNOWN,UNKNOWN,2,1
68,198,UNKNOWN,UNKNOWN,1,1
68,216,UNKNOWN,UNKNOWN,1,1
68,222,UNKNOWN,UNKNOWN,1,1
68,233,UNKNOWN,UNKNOWN,1,1
68,243,UNKNOWN,UNKNOWN,1,1
69,80,UNKNOWN,UNKNOWN,1,1
69,179,UNKNOWN,UNKNOWN,1,1
69,197,UNKNOWN,UNKNOWN,2,1
69,198,UNKNOWN,UNKNOWN,2,1
69,208,UNKNOWN,UNKNOWN,1,1
69,215,UNKNOWN,UNKNOWN,1,1
69,221,UNKNOWN,UNKNOWN,1,1
69,238,UNKNOWN,UNKNOWN,1,1
69,242,UNKNOWN,UNKNOWN,1,1
69,243,UNKNOWN,UNKNOWN,2,1
70,59,UNKNOWN,UNKNOWN,1,0
70,62,UNKNOWN,UNKNOWN,1,0
70,87,UNKNOWN,UNKNOWN,1,0
70,102,UNKNOWN,UNKNOWN,1,0
70,107,UNKNOWN,UNKNOWN,2,0
70,114,UNKNOWN,UNKNOWN,1,0
70,178,UNKNOWN,UNKNOWN,1,0
70,183,UNKNOWN,UNKNOWN,1,0
70,225,UNKNOWN,UNKNOWN,5,0
70,226,UNKNOWN,UNKNOWN,4,0
70,227,UNKNOWN,UNKNOWN,3,0
70,289,UNKNOWN,UNKNOWN,4,0
71,3,UNKNOWN,UNKNOWN,1,1
71,55,UNKNOWN,UNKNOWN,6,1
71,56,UNKNOWN,UNKNOWN,6,1
71,67,UNKNOWN,UNKNOWN,1,1
71,80,UNKNOWN,UNKNOWN,3,1
71,81,UNKNOWN,UNKNOWN,2,1
71,86,UNKNOWN,UNKNOWN,1,1
71,170,UNKNOWN,UNKNOWN,4,1
71,171,UNKNOWN,UNKNOWN,5,1
71,175,UNKNOWN,UNKNOWN,1,1
71,181,UNKNOWN,UNKNOWN,3,1
71,191,UNKNOWN,UNKNOWN,1,1
71,236,UNKNOWN,UNKNOWN,1,1
71,258,UNKNOWN,UNKNOWN,2,1
72,0,UNKNOWN,UNKNOWN,1,1
72,8,UNKNOWN,UNKNOWN,5,1
72,18,UNKNOWN,UNKNOWN,1,1
72,20,UNKNOWN,UNKNOWN,10,1
72,39,UNKNOWN,UNKNOWN,4,1
72,41,UNKNOWN,UNKNOWN,1,1
72,74,UNKNOWN,UNKNOWN,1,1
73,5,UNKNOWN,UNKNOWN,3,1
73,9,UNKNOWN,UNKNOWN,7,1
73,19,UNKNOWN,UNKNOWN,2,1
73,21,UNKNOWN,UNKNOWN,7,1
73,39,UNKNOWN,UNKNOWN,1,1
73,40,UNKNOWN,UNKNOWN,2,1
73,52,UNKNOWN,UNKNOWN,1,1
73,75,UNKNOWN,UNKNOWN,1,1
73,193,UNKNOWN,UNKNOWN,2,1
73,195,UNKNOWN,UNKNOWN,1,1
73,201,UNKNOWN,UNKNOWN,2,1
74,4,UNKNOWN,UNKNOWN,9,1
74,13,UNKNOWN,UNKNOWN,1,1
74,20,UNKNOWN,UNKNOWN,9,1
74,55,UNKNOWN,UNKNOWN,1,1
74,185,UNKNOWN,UNKNOWN,3,1
74,238,UNKNOWN,UNKNOWN,1,1
75,5,UNKNOWN,UNKNOWN,4,1
75,21,UNKNOWN,UNKNOWN,4,1
75,42,UNKNOWN,UNKNOWN,1,1
75,44,UNKNOWN,UNKNOWN,2,1
75,56,UNKNOWN,UNKNOWN,2,1
75,186,UNKNOWN,UNKNOWN,1,1
75,201,UNKNOWN,UNKNOWN,2,1
75,241,UNKNOWN,UNKNOWN,1,1
76,10,UNKNOWN,UNKNOWN,2,1
76,11,UNKNOWN,UNKNOWN,4,1
76,12,UNKNOWN,UNKNOWN,1,1
76,13,UNKNOWN,UNKNOWN,1,1
76,18,UNKNOWN,UNKNOWN,10,1
76,39,UNKNOWN,UNKNOWN,1,1
76,53,UNKNOWN,UNKNOWN,1,1
76,77,UNKNOWN,UNKNOWN,1,1
76,185,UNKNOWN,UNKNOWN,3,1
77,11,UNKNOWN,UNKNOWN,1,1
77,13,UNKNOWN,UNKNOWN,4,1
77,18,UNKNOWN,UNKNOWN,4,1
77,19,UNKNOWN,UNKNOWN,9,1
77,39,UNKNOWN,UNKNOWN,1,1
77,42,UNKNOWN,UNKNOWN,1,1
77,76,UNKNOWN,UNKNOWN,5,1
78,12,UNKNOWN,UNKNOWN,1,1
78,54,UNKNOWN,UNKNOWN,1,1
78,59,UNKNOWN,UNKNOWN,1,1
78,60,UNKNOWN,UNKNOWN,4,1
78,79,UNKNOWN,UNKNOWN,1,1
78,186,UNKNOWN,UNKNOWN,5,1
78,187,UNKNOWN,UNKNOWN,1,1
78,188,UNKNOWN,UNKNOWN,7,1
78,194,UNKNOWN,UNKNOWN,1,1
78,195,UNKNOWN,UNKNOWN,4,1
79,18,UNKNOWN,UNKNOWN,1,1
79,53,UNKNOWN,UNKNOWN,1,1
79,59,UNKNOWN,UNKNOWN,2,1
79,185,UNKNOWN,UNKNOWN,5,1
79,187,UNKNOWN,UNKNOWN,4,1
79,194,UNKNOWN,UNKNOWN,5,1
80,2,UNKNOWN,UNKNOWN,3,0
80,64,UNKNOWN,UNKNOWN,1,0
80,67,UNKNOWN,UNKNOWN,1,0
80,113,UNKNOWN,UNKNOWN,1,0
80,175,UNKNOWN,UNKNOWN,2,0
80,176,UNKNOWN,UNKNOWN,2,0
80,221,UNKNOWN,UNKNOWN,1,0
80,246,UNKNOWN,UNKNOWN,1,0
81,3,UNKNOWN,UNKNOWN,1,0
81,24,UNKNOWN,UNKNOWN,1,0
81,53,UNKNOWN,UNKNOWN,3,0
81,64,UNKNOWN,UNKNOWN,1,0
81,66,UNKNOWN,UNKNOWN,2,0
81,114,UNKNOWN,UNKNOWN,4,0
81,170,UNKNOWN,UNKNOWN,1,0
81,175,UNKNOWN,UNKNOWN,2,0
81,176,UNKNOWN,UNKNOWN,1,0
81,228,UNKNOWN,UNKNOWN,1,0
81,247,UNKNOWN,UNKNOWN,1,0
82,60,UNKNOWN,UNKNOWN,5,1
82,123,UNKNOWN,UNKNOWN,4,1
82,149,UNKNOWN,UNKNOWN,2,1
82,151,UNKNOWN,UNKNOWN,6,1
82,187,UNKNOWN,UNKNOWN,2,1
82,189,UNKNOWN,UNKNOWN,1,1
82,190,UNKNOWN,UNKNOWN,2,1
82,199,UNKNOWN,UNKNOWN,2,1
82,202,UNKNOWN,UNKNOWN,1,1
82,209,UNKNOWN,UNKNOWN,3,1
82,217,UNKNOWN,UNKNOWN,4,1
82,220,UNKNOWN,UNKNOWN,4,1
82,231,UNKNOWN,UNKNOWN,1,1
82,239,UNKNOWN,UNKNOWN,1,1
82,246,UNKNOWN,UNKNOWN,2,1
82,250,UNKNOWN,UNKNOWN,4,1
82,254,UNKNOWN,UNKNOWN,2,1
83,59,UNKNOWN,UNKNOWN,6,1
83,81,UNKNOWN,UNKNOWN,1,1
83,124,UNKNOWN,UNKNOWN,5,1
83,126,UNKNOWN,UNKNOWN,1,1
83,150,UNKNOWN,UNKNOWN,8,1
83,152,UNKNOWN,UNKNOWN,5,1
83,188,UNKNOWN,UNKNOWN,1,1
83,189,UNKNOWN,UNKNOWN,4,1
83,190,UNKNOWN,UNKNOWN,3,1
83,202,UNKNOWN,UNKNOWN,1,1
83,205,UNKNOWN,UNKNOWN,1,1
83,210,UNKNOWN,UNKNOWN,2,1
83,218,UNKNOWN,UNKNOWN,1,1
83,219,UNKNOWN,UNKNOWN,4,1
83,220,UNKNOWN,UNKNOWN,1,1
83,230,UNKNOWN,UNKNOWN,1,1
83,239,UNKNOWN,UNKNOWN,1,1
83,247,UNKNOWN,UNKNOWN,1,1
83,251,UNKNOWN,UNKNOWN,2,1
83,255,UNKNOWN,UNKNOWN,1,1
84,6,UNKNOWN,UNKNOWN,1,1
84,60,UNKNOWN,UNKNOWN,3,1
84,127,UNKNOWN,UNKNOWN,2,1
84,149,UNKNOWN,UNKNOWN,4,1
84,153,UNKNOWN,UNKNOWN,6,1
84,189,UNKNOWN,UNKNOWN,7,1
84,190,UNKNOWN,UNKNOWN,4,1
84,199,UNKNOWN,UNKNOWN,1,1
84,205,UNKNOWN,UNKNOWN,4,1
84,219,UNKNOWN,UNKNOWN,1,1
84,232,UNKNOWN,UNKNOWN,1,1
84,248,UNKNOWN,UNKNOWN,2,1
85,42,UNKNOWN,UNKNOWN,1,1
85,59,UNKNOWN,UNKNOWN,5,1
85,128,UNKNOWN,UNKNOWN,1,1
85,134,UNKNOWN,UNKNOWN,2,1
85,150,UNKNOWN,UNKNOWN,7,1
85,154,UNKNOWN,UNKNOWN,3,1
85,189,UNKNOWN,UNKNOWN,2,1
85,190,UNKNOWN,UNKNOWN,2,1
85,200,UNKNOWN,UNKNOWN,1,1
85,203,UNKNOWN,UNKNOWN,1,1
85,206,UNKNOWN,UNKNOWN,2,1
85,220,UNKNOWN,UNKNOWN,2,1
85,233,UNKNOWN,UNKNOWN,2,1
85,249,UNKNOWN,UNKNOWN,1,1
86,102,UNKNOWN,UNKNOWN,4,1
86,286,UNKNOWN,UNKNOWN,17,1
86,291,UNKNOWN,UNKNOWN,1,1
87,102,UNKNOWN,UNKNOWN,1,1
87,286,UNKNOWN,UNKNOWN,2,1
87,291,UNKNOWN,UNKNOWN,11,1
87,292,UNKNOWN,UNKNOWN,5,1
88,33,UNKNOWN,UNKNOWN,1,1
88,89,UNKNOWN,UNKNOWN,2,1
88,97,UNKNOWN,UNKNOWN,1,1
88,103,UNKNOWN,UNKNOWN,1,1
88,292,UNKNOWN,UNKNOWN,25,1
88,293,UNKNOWN,UNKNOWN,6,1
89,88,UNKNOWN,UNKNOWN,1,1
89,97,UNKNOWN,UNKNOWN,1,1
89,103,UNKNOWN,UNKNOWN,1,1
89,293,UNKNOWN,UNKNOWN,12,1
89,294,UNKNOWN,UNKNOWN,15,1
90,98,UNKNOWN,UNKNOWN,1,1
90,294,UNKNOWN,UNKNOWN,1,1
90,295,UNKNOWN,UNKNOWN,16,1
91,293,UNKNOWN,UNKNOWN,4,1
91,294,UNKNOWN,UNKNOWN,3,1
91,295,UNKNOWN,UNKNOWN,3,1
94,107,UNKNOWN,UNKNOWN,1,1
94,290,UNKNOWN,UNKNOWN,1,1
95,28,UNKNOWN,UNKNOWN,1,1
95,31,UNKNOWN,UNKNOWN,1,1
95,32,UNKNOWN,UNKNOWN,1,1
95,102,UNKNOWN,UNKNOWN,10,1
95,286,UNKNOWN,UNKNOWN,21,1
95,291,UNKNOWN,UNKNOWN,15,1
95,292,UNKNOWN,UNKNOWN,1,1
96,88,UNKNOWN,UNKNOWN,5,1
96,103,UNKNOWN,UNKNOWN,2,1
96,292,UNKNOWN,UNKNOWN,23,1
96,293,UNKNOWN,UNKNOWN,14,1
96,294,UNKNOWN,UNKNOWN,1,1
97,33,UNKNOWN,UNKNOWN,1,1
97,34,UNKNOWN,UNKNOWN,1,1
97,103,UNKNOWN,UNKNOWN,4,1
97,104,UNKNOWN,UNKNOWN,10,1
97,293,UNKNOWN,UNKNOWN,9,1
97,294,UNKNOWN,UNKNOWN,26,1
97,295,UNKNOWN,UNKNOWN,7,1
98,104,UNKNOWN,UNKNOWN,3,1
98,295,UNKNOWN,UNKNOWN,13,1
101,290,UNKNOWN,UNKNOWN,2,1
102,87,UNKNOWN,UNKNOWN,2,0
102,291,UNKNOWN,UNKNOWN,1,0
103,88,UNKNOWN,UNKNOWN,1,0
103,292,UNKNOWN,UNKNOWN,1,0
103,293,UNKNOWN,UNKNOWN,1,0
106,279,UNKNOWN,UNKNOWN,1,0
106,298,UNKNOWN,UNKNOWN,1,0
108,20,UNKNOWN,UNKNOWN,3,0
108,27,UNKNOWN,UNKNOWN,4,0
108,51,UNKNOWN,UNKNOWN,1,0
108,52,UNKNOWN,UNKNOWN,1,0
108,53,UNKNOWN,UNKNOWN,3,0
108,54,UNKNOWN,UNKNOWN,1,0
108,55,UNKNOWN,UNKNOWN,1,0
108,59,UNKNOWN,UNKNOWN,9,0
108,60,UNKNOWN,UNKNOWN,5,0
108,96,UNKNOWN,UNKNOWN,1,0
108,97,UNKNOWN,UNKNOWN,2,0
108,98,UNKNOWN,UNKNOWN,1,0
108,99,UNKNOWN,UNKNOWN,1,0
108,100,UNKNOWN,UNKNOWN,2,0
108,101,UNKNOWN,UNKNOWN,1,0
108,157,UNKNOWN,UNKNOWN,3,0
108,170,UNKNOWN,UNKNOWN,3,0
108,171,UNKNOWN,UNKNOWN,1,0
108,181,UNKNOWN,UNKNOWN,3,0
108,185,UNKNOWN,UNKNOWN,1,0
108,186,UNKNOWN,UNKNOWN,1,0
108,198,UNKNOWN,UNKNOWN,1,0
108,201,UNKNOWN,UNKNOWN,3,0
108,222,UNKNOWN,UNKNOWN,1,0
108,223,UNKNOWN,UNKNOWN,1,0
108,224,UNKNOWN,UNKNOWN,1,0
108,225,UNKNOWN,UNKNOWN,1,0
108,238,UNKNOWN,UNKNOWN,3,0
108,239,UNKNOWN,UNKNOWN,2,0
108,240,UNKNOWN,UNKNOWN,3,0
108,241,UNKNOWN,UNKNOWN,2,0
108,261,UNKNOWN,UNKNOWN,1,0
108,262,UNKNOWN,UNKNOWN,1,0
108,270,UNKNOWN,UNKNOWN,1,0
108,272,UNKNOWN,UNKNOWN,2,0
109,70,UNKNOWN,UNKNOWN,5,0
109,93,UNKNOWN,UNKNOWN,2,0
109,107,UNKNOWN,UNKNOWN,3,0
109,110,UNKNOWN,UNKNOWN,3,0
109,155,UNKNOWN,UNKNOWN,1,0
109,163,UNKNOWN,UNKNOWN,1,0
109,177,UNKNOWN,UNKNOWN,1,0
110,12,UNKNOWN,UNKNOWN,1,0
110,13,UNKNOWN,UNKNOWN,3,0
110,53,UNKNOWN,UNKNOWN,5,0
110,54,UNKNOWN,UNKNOWN,7,0
110,55,UNKNOWN,UNKNOWN,1,0
110,68,UNKNOWN,UNKNOWN,2,0
110,69,UNKNOWN,UNKNOWN,1,0
110,182,UNKNOWN,UNKNOWN,1,0
110,187,UNKNOWN,UNKNOWN,1,0
110,188,UNKNOWN,UNKNOWN,1,0
110,194,UNKNOWN,UNKNOWN,5,0
110,195,UNKNOWN,UNKNOWN,5,0
110,215,UNKNOWN,UNKNOWN,2,0
110,216,UNKNOWN,UNKNOWN,4,0
111,2,UNKNOWN,UNKNOWN,2,1
111,3,UNKNOWN,UNKNOWN,2,1
111,12,UNKNOWN,UNKNOWN,1,1
111,13,UNKNOWN,UNKNOWN,2,1
111,53,UNKNOWN,UNKNOWN,14,1
111,54,UNKNOWN,UNKNOWN,17,1
111,55,UNKNOWN,UNKNOWN,4,1
111,56,UNKNOWN,UNKNOWN,5,1
111,57,UNKNOWN,UNKNOWN,6,1
111,58,UNKNOWN,UNKNOWN,13,1
111,108,UNKNOWN,UNKNOWN,1,1
111,112,UNKNOWN,UNKNOWN,1,1
112,3,UNKNOWN,UNKNOWN,1,1
112,13,UNKNOWN,UNKNOWN,1,1
112,53,UNKNOWN,UNKNOWN,12,1
112,54,UNKNOWN,UNKNOWN,5,1
112,55,UNKNOWN,UNKNOWN,5,1
112,56,UNKNOWN,UNKNOWN,1,1
112,57,UNKNOWN,UNKNOWN,10,1
112,58,UNKNOWN,UNKNOWN,1,1
112,59,UNKNOWN,UNKNOWN,4,1
112,60,UNKNOWN,UNKNOWN,2,1
112,67,UNKNOWN,UNKNOWN,1,1
112,108,UNKNOWN,UNKNOWN,1,1
112,111,UNKNOWN,UNKNOWN,2,1
112,170,UNKNOWN,UNKNOWN,2,1
112,270,UNKNOWN,UNKNOWN,1,1
113,10,UNKNOWN,UNKNOWN,1,1
113,20,UNKNOWN,UNKNOWN,2,1
113,21,UNKNOWN,UNKNOWN,1,1
113,43,UNKNOWN,UNKNOWN,1,1
113,44,UNKNOWN,UNKNOWN,2,1
113,48,UNKNOWN,UNKNOWN,1,1
113,49,UNKNOWN,UNKNOWN,1,1
113,58,UNKNOWN,UNKNOWN,2,1
113,61,UNKNOWN,UNKNOWN,6,1
113,66,UNKNOWN,UNKNOWN,1,1
113,74,UNKNOWN,UNKNOWN,1,1
113,75,UNKNOWN,UNKNOWN,2,1
113,114,UNKNOWN,UNKNOWN,3,1
113,192,UNKNOWN,UNKNOWN,3,1
113,197,UNKNOWN,UNKNOWN,2,1
113,226,UNKNOWN,UNKNOWN,2,1
113,285,UNKNOWN,UNKNOWN,3,1
114,12,UNKNOWN,UNKNOWN,1,1
114,13,UNKNOWN,UNKNOWN,1,1
114,20,UNKNOWN,UNKNOWN,1,1
114,21,UNKNOWN,UNKNOWN,1,1
114,34,UNKNOWN,UNKNOWN,1,1
114,43,UNKNOWN,UNKNOWN,2,1
114,58,UNKNOWN,UNKNOWN,1,1
114,61,UNKNOWN,UNKNOWN,1,1
114,66,UNKNOWN,UNKNOWN,1,1
114,70,UNKNOWN,UNKNOWN,1,1
114,74,UNKNOWN,UNKNOWN,1,1
114,81,UNKNOWN,UNKNOWN,1,1
114,90,UNKNOWN,UNKNOWN,1,1
114,91,UNKNOWN,UNKNOWN,1,1
114,113,UNKNOWN,UNKNOWN,1,1
114,176,UNKNOWN,UNKNOWN,1,1
114,180,UNKNOWN,UNKNOWN,1,1
114,193,UNKNOWN,UNKNOWN,4,1
114,218,UNKNOWN,UNKNOWN,1,1
114,225,UNKNOWN,UNKNOWN,1,1
114,227,UNKNOWN,UNKNOWN,1,1
114,266,UNKNOWN,UNKNOWN,1,1
114,282,UNKNOWN,UNKNOWN,3,1
114,283,UNKNOWN,UNKNOWN,1,1
114,293,UNKNOWN,UNKNOWN,2,1
115,119,UNKNOWN,UNKNOWN,1,1
116,119,UNKNOWN,UNKNOWN,1,1
117,137,UNKNOWN,UNKNOWN,2,1
118,137,UNKNOWN,UNKNOWN,2,1
119,137,UNKNOWN,UNKNOWN,2,1
119,138,UNKNOWN,UNKNOWN,1,1
119,139,UNKNOWN,UNKNOWN,1,1
120,117,UNKNOWN,UNKNOWN,5,1
120,118,UNKNOWN,UNKNOWN,5,1
120,121,UNKNOWN,UNKNOWN,2,1
120,137,UNKNOWN,UNKNOWN,2,1
121,115,UNKNOWN,UNKNOWN,3,1
121,116,UNKNOWN,UNKNOWN,2,1
121,137,UNKNOWN,UNKNOWN,1,1
121,143,UNKNOWN,UNKNOWN,1,1
121,146,UNKNOWN,UNKNOWN,2,1
122,117,UNKNOWN,UNKNOWN,2,1
122,118,UNKNOWN,UNKNOWN,2,1
122,119,UNKNOWN,UNKNOWN,1,1
122,147,UNKNOWN,UNKNOWN,2,1
122,148,UNKNOWN,UNKNOWN,2,1
123,181,UNKNOWN,UNKNOWN,1,1
123,196,UNKNOWN,UNKNOWN,1,1
123,199,UNKNOWN,UNKNOWN,2,1
123,206,UNKNOWN,UNKNOWN,1,1
123,209,UNKNOWN,UNKNOWN,4,1
123,254,UNKNOWN,UNKNOWN,1,1
124,200,UNKNOWN,UNKNOWN,5,1
124,210,UNKNOWN,UNKNOWN,5,1
125,60,UNKNOWN,UNKNOWN,2,1
125,123,UNKNOWN,UNKNOWN,1,1
125,205,UNKNOWN,UNKNOWN,5,1
125,207,UNKNOWN,UNKNOWN,1,1
125,208,UNKNOWN,UNKNOWN,3,1
125,209,UNKNOWN,UNKNOWN,4,1
125,210,UNKNOWN,UNKNOWN,2,1
125,213,UNKNOWN,UNKNOWN,1,1
126,59,UNKNOWN,UNKNOWN,1,1
126,60,UNKNOWN,UNKNOWN,1,1
126,124,UNKNOWN,UNKNOWN,1,1
126,205,UNKNOWN,UNKNOWN,3,1
126,206,UNKNOWN,UNKNOWN,2,1
126,207,UNKNOWN,UNKNOWN,4,1
126,208,UNKNOWN,UNKNOWN,2,1
126,209,UNKNOWN,UNKNOWN,1,1
126,210,UNKNOWN,UNKNOWN,4,1
126,212,UNKNOWN,UNKNOWN,2,1
126,219,UNKNOWN,UNKNOWN,1,1
126,253,UNKNOWN,UNKNOWN,2,1
127,125,UNKNOWN,UNKNOWN,1,1
127,199,UNKNOWN,UNKNOWN,4,1
127,205,UNKNOWN,UNKNOWN,5,1
127,256,UNKNOWN,UNKNOWN,1,1
128,126,UNKNOWN,UNKNOWN,1,1
128,134,UNKNOWN,UNKNOWN,1,1
128,200,UNKNOWN,UNKNOWN,6,1
128,206,UNKNOWN,UNKNOWN,10,1
128,213,UNKNOWN,UNKNOWN,1,1
129,51,UNKNOWN,UNKNOWN,1,1
129,123,UNKNOWN,UNKNOWN,7,1
129,151,UNKNOWN,UNKNOWN,2,1
129,187,UNKNOWN,UNKNOWN,1,1
129,199,UNKNOWN,UNKNOWN,10,1
129,212,UNKNOWN,UNKNOWN,4,1
129,213,UNKNOWN,UNKNOWN,3,1
129,246,UNKNOWN,UNKNOWN,3,1
130,83,UNKNOWN,UNKNOWN,1,1
130,124,UNKNOWN,UNKNOWN,7,1
130,190,UNKNOWN,UNKNOWN,1,1
130,200,UNKNOWN,UNKNOWN,11,1
130,211,UNKNOWN,UNKNOWN,1,1
130,212,UNKNOWN,UNKNOWN,2,1
130,213,UNKNOWN,UNKNOWN,2,1
130,214,UNKNOWN,UNKNOWN,1,1
130,247,UNKNOWN,UNKNOWN,3,1
131,2,UNKNOWN,UNKNOWN,2,1
131,59,UNKNOWN,UNKNOWN,1,1
131,125,UNKNOWN,UNKNOWN,1,1
131,151,UNKNOWN,UNKNOWN,5,1
131,153,UNKNOWN,UNKNOWN,8,1
131,189,UNKNOWN,UNKNOWN,1,1
131,196,UNKNOWN,UNKNOWN,7,1
131,207,UNKNOWN,UNKNOWN,3,1
131,208,UNKNOWN,UNKNOWN,1,1
131,213,UNKNOWN,UNKNOWN,2,1
131,214,UNKNOWN,UNKNOWN,2,1
131,252,UNKNOWN,UNKNOWN,2,1
132,3,UNKNOWN,UNKNOWN,1,1
132,126,UNKNOWN,UNKNOWN,1,1
132,150,UNKNOWN,UNKNOWN,1,1
132,152,UNKNOWN,UNKNOWN,2,1
132,154,UNKNOWN,UNKNOWN,7,1
281,286,UNKNOWN,UNKNOWN,4,1
281,291,UNKNOWN,UNKNOWN,1,1
281,292,UNKNOWN,UNKNOWN,1,1
281,293,UNKNOWN,UNKNOWN,2,1
281,294,UNKNOWN,UNKNOWN,5,1
281,295,UNKNOWN,UNKNOWN,1,1
282,98,UNKNOWN,UNKNOWN,1,1
282,102,UNKNOWN,UNKNOWN,6,1
282,103,UNKNOWN,UNKNOWN,4,1
282,104,UNKNOWN,UNKNOWN,9,1
282,110,UNKNOWN,UNKNOWN,1,1
282,171,UNKNOWN,UNKNOWN,1,1
282,180,UNKNOWN,UNKNOWN,1,1
282,182,UNKNOWN,UNKNOWN,2,1
282,281,UNKNOWN,UNKNOWN,4,1
282,283,UNKNOWN,UNKNOWN,4,1
282,286,UNKNOWN,UNKNOWN,2,1
282,291,UNKNOWN,UNKNOWN,2,1
282,293,UNKNOWN,UNKNOWN,5,1
282,294,UNKNOWN,UNKNOWN,5,1
282,295,UNKNOWN,UNKNOWN,1,1
283,70,UNKNOWN,UNKNOWN,1,1
283,102,UNKNOWN,UNKNOWN,2,1
283,103,UNKNOWN,UNKNOWN,4,1
283,104,UNKNOWN,UNKNOWN,5,1
283,105,UNKNOWN,UNKNOWN,12,1
283,110,UNKNOWN,UNKNOWN,1,1
283,114,UNKNOWN,UNKNOWN,1,1
283,176,UNKNOWN,UNKNOWN,1,1
283,178,UNKNOWN,UNKNOWN,1,1
283,180,UNKNOWN,UNKNOWN,4,1
283,281,UNKNOWN,UNKNOWN,2,1
283,282,UNKNOWN,UNKNOWN,1,1
283,286,UNKNOWN,UNKNOWN,1,1
283,291,UNKNOWN,UNKNOWN,1,1
283,292,UNKNOWN,UNKNOWN,1,1
283,293,UNKNOWN,UNKNOWN,2,1
283,294,UNKNOWN,UNKNOWN,4,1
283,295,UNKNOWN,UNKNOWN,4,1
283,296,UNKNOWN,UNKNOWN,5,1
284,55,UNKNOWN,UNKNOWN,1,1
284,65,UNKNOWN,UNKNOWN,1,1
284,281,UNKNOWN,UNKNOWN,1,1
284,283,UNKNOWN,UNKNOWN,4,1
284,285,UNKNOWN,UNKNOWN,1,1
285,61,UNKNOWN,UNKNOWN,1,1
285,62,UNKNOWN,UNKNOWN,1,1
285,110,UNKNOWN,UNKNOWN,2,1
285,113,UNKNOWN,UNKNOWN,1,1
285,150,UNKNOWN,UNKNOWN,1,1
285,182,UNKNOWN,UNKNOWN,1,1
285,250,UNKNOWN,UNKNOWN,3,1
285,283,UNKNOWN,UNKNOWN,1,1
285,284,UNKNOWN,UNKNOWN,1,1
286,102,UNKNOWN,UNKNOWN,1,0
286,258,UNKNOWN,UNKNOWN,2,0
287,106,UNKNOWN,UNKNOWN,1,0
287,280,UNKNOWN,UNKNOWN,2,0
288,54,UNKNOWN,UNKNOWN,2,0
288,260,UNKNOWN,UNKNOWN,1,0
288,271,UNKNOWN,UNKNOWN,1,0
289,260,UNKNOWN,UNKNOWN,3,0
289,261,UNKNOWN,UNKNOWN,2,0
289,271,UNKNOWN,UNKNOWN,1,0
289,272,UNKNOWN,UNKNOWN,1,0
290,54,UNKNOWN,UNKNOWN,2,0
290,170,UNKNOWN,UNKNOWN,1,0
290,171,UNKNOWN,UNKNOWN,1,0
290,261,UNKNOWN,UNKNOWN,1,0
291,102,UNKNOWN,UNKNOWN,1,0
291,262,UNKNOWN,UNKNOWN,6,0
291,273,UNKNOWN,UNKNOWN,3,0
292,263,UNKNOWN,UNKNOWN,2,0
292,273,UNKNOWN,UNKNOWN,2,0
294,54,UNKNOWN,UNKNOWN,1,0
294,265,UNKNOWN,UNKNOWN,2,0
294,275,UNKNOWN,UNKNOWN,2,0
295,53,UNKNOWN,UNKNOWN,1,0
295,266,UNKNOWN,UNKNOWN,1,0
295,276,UNKNOWN,UNKNOWN,2,0
297,105,UNKNOWN,UNKNOWN,1,0
297,268,UNKNOWN,UNKNOWN,4,0
132,196,UNKNOWN,UNKNOWN,6,1
132,207,UNKNOWN,UNKNOWN,1,1
132,212,UNKNOWN,UNKNOWN,2,1
132,214,UNKNOWN,UNKNOWN,1,1
132,251,UNKNOWN,UNKNOWN,1,1
133,79,UNKNOWN,UNKNOWN,1,1
133,127,UNKNOWN,UNKNOWN,7,1
133,131,UNKNOWN,UNKNOWN,1,1
133,153,UNKNOWN,UNKNOWN,1,1
133,185,UNKNOWN,UNKNOWN,1,1
133,196,UNKNOWN,UNKNOWN,2,1
133,199,UNKNOWN,UNKNOWN,11,1
133,212,UNKNOWN,UNKNOWN,1,1
133,213,UNKNOWN,UNKNOWN,4,1
133,214,UNKNOWN,UNKNOWN,1,1
133,248,UNKNOWN,UNKNOWN,3,1
134,128,UNKNOWN,UNKNOWN,6,1
134,154,UNKNOWN,UNKNOWN,1,1
134,186,UNKNOWN,UNKNOWN,2,1
134,196,UNKNOWN,UNKNOWN,3,1
134,200,UNKNOWN,UNKNOWN,15,1
134,212,UNKNOWN,UNKNOWN,3,1
134,213,UNKNOWN,UNKNOWN,2,1
134,214,UNKNOWN,UNKNOWN,3,1
134,249,UNKNOWN,UNKNOWN,4,1
134,253,UNKNOWN,UNKNOWN,1,1
135,53,UNKNOWN,UNKNOWN,5,1
135,54,UNKNOWN,UNKNOWN,6,1
135,57,UNKNOWN,UNKNOWN,4,1
135,58,UNKNOWN,UNKNOWN,2,1
135,66,UNKNOWN,UNKNOWN,1,1
135,161,UNKNOWN,UNKNOWN,1,1
135,175,UNKNOWN,UNKNOWN,1,1
135,183,UNKNOWN,UNKNOWN,1,1
136,53,UNKNOWN,UNKNOWN,3,1
136,54,UNKNOWN,UNKNOWN,7,1
136,57,UNKNOWN,UNKNOWN,1,1
136,58,UNKNOWN,UNKNOWN,3,1
136,67,UNKNOWN,UNKNOWN,1,1
136,169,UNKNOWN,UNKNOWN,1,1
136,171,UNKNOWN,UNKNOWN,3,1
136,181,UNKNOWN,UNKNOWN,1,1
136,183,UNKNOWN,UNKNOWN,1,1
138,116,UNKNOWN,UNKNOWN,3,1
138,115,UNKNOWN,UNKNOWN,3,1
138,119,UNKNOWN,UNKNOWN,2,1
138,146,UNKNOWN,UNKNOWN,2,1
139,115,UNKNOWN,UNKNOWN,3,1
139,116,UNKNOWN,UNKNOWN,3,1
139,119,UNKNOWN,UNKNOWN,2,1
139,146,UNKNOWN,UNKNOWN,2,1
140,115,UNKNOWN,UNKNOWN,4,1
140,116,UNKNOWN,UNKNOWN,4,1
140,120,UNKNOWN,UNKNOWN,2,1
140,121,UNKNOWN,UNKNOWN,3,1
140,122,UNKNOWN,UNKNOWN,1,1
140,137,UNKNOWN,UNKNOWN,1,1
140,146,UNKNOWN,UNKNOWN,1,1
140,147,UNKNOWN,UNKNOWN,2,1
140,148,UNKNOWN,UNKNOWN,3,1
141,115,UNKNOWN,UNKNOWN,4,1
141,116,UNKNOWN,UNKNOWN,4,1
141,119,UNKNOWN,UNKNOWN,2,1
141,120,UNKNOWN,UNKNOWN,6,1
141,121,UNKNOWN,UNKNOWN,3,1
141,122,UNKNOWN,UNKNOWN,1,1
141,137,UNKNOWN,UNKNOWN,1,1
141,146,UNKNOWN,UNKNOWN,1,1
141,147,UNKNOWN,UNKNOWN,2,1
141,148,UNKNOWN,UNKNOWN,3,1
142,119,UNKNOWN,UNKNOWN,1,1
142,121,UNKNOWN,UNKNOWN,13,1
142,122,UNKNOWN,UNKNOWN,2,1
142,147,UNKNOWN,UNKNOWN,1,1
142,148,UNKNOWN,UNKNOWN,1,1
143,121,UNKNOWN,UNKNOWN,3,1
143,137,UNKNOWN,UNKNOWN,1,1
144,115,UNKNOWN,UNKNOWN,3,1
144,116,UNKNOWN,UNKNOWN,3,1
144,117,UNKNOWN,UNKNOWN,1,1
144,118,UNKNOWN,UNKNOWN,1,1
144,119,UNKNOWN,UNKNOWN,1,1
144,137,UNKNOWN,UNKNOWN,1,1
145,115,UNKNOWN,UNKNOWN,3,1
145,116,UNKNOWN,UNKNOWN,3,1
145,119,UNKNOWN,UNKNOWN,1,1
145,137,UNKNOWN,UNKNOWN,1,1
147,115,UNKNOWN,UNKNOWN,1,1
147,116,UNKNOWN,UNKNOWN,2,1
147,117,UNKNOWN,UNKNOWN,6,1
147,118,UNKNOWN,UNKNOWN,6,1
147,119,UNKNOWN,UNKNOWN,2,1
147,120,UNKNOWN,UNKNOWN,3,1
147,121,UNKNOWN,UNKNOWN,2,1
147,122,UNKNOWN,UNKNOWN,2,1
147,140,UNKNOWN,UNKNOWN,1,1
147,141,UNKNOWN,UNKNOWN,1,1
148,115,UNKNOWN,UNKNOWN,2,1
148,116,UNKNOWN,UNKNOWN,2,1
148,117,UNKNOWN,UNKNOWN,6,1
148,118,UNKNOWN,UNKNOWN,6,1
148,119,UNKNOWN,UNKNOWN,2,1
148,120,UNKNOWN,UNKNOWN,3,1
148,121,UNKNOWN,UNKNOWN,2,1
148,122,UNKNOWN,UNKNOWN,2,1
148,140,UNKNOWN,UNKNOWN,1,1
148,141,UNKNOWN,UNKNOWN,1,1
149,60,UNKNOWN,UNKNOWN,21,1
149,82,UNKNOWN,UNKNOWN,3,1
149,84,UNKNOWN,UNKNOWN,4,1
149,127,UNKNOWN,UNKNOWN,2,1
149,187,UNKNOWN,UNKNOWN,8,1
149,205,UNKNOWN,UNKNOWN,7,1
149,207,UNKNOWN,UNKNOWN,2,1
149,209,UNKNOWN,UNKNOWN,1,1
149,212,UNKNOWN,UNKNOWN,2,1
149,242,UNKNOWN,UNKNOWN,3,1
149,243,UNKNOWN,UNKNOWN,4,1
149,245,UNKNOWN,UNKNOWN,4,1
149,254,UNKNOWN,UNKNOWN,1,1
150,59,UNKNOWN,UNKNOWN,16,1
150,83,UNKNOWN,UNKNOWN,1,1
150,85,UNKNOWN,UNKNOWN,6,1
150,124,UNKNOWN,UNKNOWN,2,1
150,128,UNKNOWN,UNKNOWN,1,1
150,132,UNKNOWN,UNKNOWN,1,1
150,188,UNKNOWN,UNKNOWN,10,1
150,206,UNKNOWN,UNKNOWN,10,1
150,207,UNKNOWN,UNKNOWN,3,1
150,210,UNKNOWN,UNKNOWN,3,1
150,213,UNKNOWN,UNKNOWN,2,1
150,243,UNKNOWN,UNKNOWN,1,1
150,244,UNKNOWN,UNKNOWN,4,1
150,245,UNKNOWN,UNKNOWN,3,1
151,190,UNKNOWN,UNKNOWN,1,1
151,206,UNKNOWN,UNKNOWN,4,1
151,236,UNKNOWN,UNKNOWN,3,1
152,189,UNKNOWN,UNKNOWN,1,1
152,190,UNKNOWN,UNKNOWN,1,1
152,205,UNKNOWN,UNKNOWN,3,1
152,220,UNKNOWN,UNKNOWN,1,1
152,237,UNKNOWN,UNKNOWN,2,1
153,127,UNKNOWN,UNKNOWN,1,1
153,133,UNKNOWN,UNKNOWN,1,1
153,189,UNKNOWN,UNKNOWN,1,1
153,196,UNKNOWN,UNKNOWN,1,1
153,199,UNKNOWN,UNKNOWN,1,1
153,210,UNKNOWN,UNKNOWN,4,1
153,234,UNKNOWN,UNKNOWN,3,1
154,128,UNKNOWN,UNKNOWN,1,1
154,190,UNKNOWN,UNKNOWN,1,1
154,196,UNKNOWN,UNKNOWN,2,1
154,200,UNKNOWN,UNKNOWN,2,1
154,209,UNKNOWN,UNKNOWN,4,1
154,213,UNKNOWN,UNKNOWN,1,1
154,235,UNKNOWN,UNKNOWN,4,1
155,30,UNKNOWN,UNKNOWN,1,1
155,94,UNKNOWN,UNKNOWN,1,1
155,107,UNKNOWN,UNKNOWN,1,1
155,176,UNKNOWN,UNKNOWN,1,1
155,290,UNKNOWN,UNKNOWN,3,1
156,290,UNKNOWN,UNKNOWN,2,1
157,68,UNKNOWN,UNKNOWN,6,1
157,108,UNKNOWN,UNKNOWN,24,1
157,158,UNKNOWN,UNKNOWN,1,1
157,174,UNKNOWN,UNKNOWN,2,1
157,181,UNKNOWN,UNKNOWN,2,1
157,269,UNKNOWN,UNKNOWN,1,1
157,288,UNKNOWN,UNKNOWN,1,1
158,68,UNKNOWN,UNKNOWN,16,1
158,108,UNKNOWN,UNKNOWN,35,1
158,170,UNKNOWN,UNKNOWN,1,1
158,171,UNKNOWN,UNKNOWN,1,1
159,58,UNKNOWN,UNKNOWN,1,1
159,61,UNKNOWN,UNKNOWN,3,1
159,63,UNKNOWN,UNKNOWN,5,1
159,64,UNKNOWN,UNKNOWN,1,1
159,65,UNKNOWN,UNKNOWN,1,1
159,108,UNKNOWN,UNKNOWN,2,1
159,160,UNKNOWN,UNKNOWN,5,1
159,161,UNKNOWN,UNKNOWN,5,1
159,162,UNKNOWN,UNKNOWN,5,1
159,179,UNKNOWN,UNKNOWN,2,1
160,63,UNKNOWN,UNKNOWN,3,1
160,65,UNKNOWN,UNKNOWN,1,1
160,93,UNKNOWN,UNKNOWN,1,1
160,108,UNKNOWN,UNKNOWN,1,1
160,159,UNKNOWN,UNKNOWN,6,1
160,161,UNKNOWN,UNKNOWN,1,1
160,162,UNKNOWN,UNKNOWN,5,1
160,179,UNKNOWN,UNKNOWN,2,1
161,53,UNKNOWN,UNKNOWN,9,1
161,54,UNKNOWN,UNKNOWN,6,1
161,57,UNKNOWN,UNKNOWN,1,1
161,162,UNKNOWN,UNKNOWN,1,1
161,170,UNKNOWN,UNKNOWN,13,1
161,261,UNKNOWN,UNKNOWN,1,1
162,53,UNKNOWN,UNKNOWN,7,1
162,54,UNKNOWN,UNKNOWN,7,1
162,57,UNKNOWN,UNKNOWN,1,1
162,58,UNKNOWN,UNKNOWN,1,1
162,61,UNKNOWN,UNKNOWN,1,1
162,93,UNKNOWN,UNKNOWN,1,1
162,161,UNKNOWN,UNKNOWN,1,1
162,170,UNKNOWN,UNKNOWN,6,1
162,171,UNKNOWN,UNKNOWN,3,1
162,261,UNKNOWN,UNKNOWN,2,1
163,53,UNKNOWN,UNKNOWN,1,1
163,94,UNKNOWN,UNKNOWN,7,1
163,108,UNKNOWN,UNKNOWN,6,1
163,135,UNKNOWN,UNKNOWN,1,1
163,170,UNKNOWN,UNKNOWN,2,1
163,261,UNKNOWN,UNKNOWN,2,1
164,65,UNKNOWN,UNKNOWN,1,1
164,94,UNKNOWN,UNKNOWN,2,1
164,108,UNKNOWN,UNKNOWN,8,1
164,136,UNKNOWN,UNKNOWN,1,1
164,163,UNKNOWN,UNKNOWN,1,1
164,171,UNKNOWN,UNKNOWN,8,1
164,261,UNKNOWN,UNKNOWN,1,1
165,113,UNKNOWN,UNKNOWN,1,1
166,35,UNKNOWN,UNKNOWN,1,1
166,53,UNKNOWN,UNKNOWN,4,1
166,54,UNKNOWN,UNKNOWN,1,1
166,57,UNKNOWN,UNKNOWN,1,1
166,58,UNKNOWN,UNKNOWN,4,1
166,108,UNKNOWN,UNKNOWN,5,1
166,114,UNKNOWN,UNKNOWN,1,1
166,157,UNKNOWN,UNKNOWN,2,1
166,158,UNKNOWN,UNKNOWN,3,1
166,170,UNKNOWN,UNKNOWN,2,1
167,221,UNKNOWN,UNKNOWN,5,1
167,240,UNKNOWN,UNKNOWN,6,1
168,222,UNKNOWN,UNKNOWN,4,1
168,241,UNKNOWN,UNKNOWN,6,1
169,53,UNKNOWN,UNKNOWN,8,1
169,54,UNKNOWN,UNKNOWN,11,1
169,57,UNKNOWN,UNKNOWN,7,1
169,58,UNKNOWN,UNKNOWN,6,1
169,63,UNKNOWN,UNKNOWN,1,1
169,136,UNKNOWN,UNKNOWN,1,1
169,175,UNKNOWN,UNKNOWN,1,1
170,28,UNKNOWN,UNKNOWN,1,1
170,53,UNKNOWN,UNKNOWN,1,1
170,54,UNKNOWN,UNKNOWN,4,1
170,55,UNKNOWN,UNKNOWN,5,1
170,56,UNKNOWN,UNKNOWN,12,1
170,57,UNKNOWN,UNKNOWN,5,1
170,58,UNKNOWN,UNKNOWN,2,1
170,59,UNKNOWN,UNKNOWN,2,1
170,60,UNKNOWN,UNKNOWN,1,1
170,66,UNKNOWN,UNKNOWN,3,1
170,67,UNKNOWN,UNKNOWN,1,1
170,87,UNKNOWN,UNKNOWN,1,1
170,90,UNKNOWN,UNKNOWN,1,1
170,91,UNKNOWN,UNKNOWN,1,1
170,96,UNKNOWN,UNKNOWN,3,1
170,97,UNKNOWN,UNKNOWN,4,1
170,98,UNKNOWN,UNKNOWN,3,1
170,99,UNKNOWN,UNKNOWN,2,1
170,100,UNKNOWN,UNKNOWN,2,1
170,101,UNKNOWN,UNKNOWN,3,1
170,108,UNKNOWN,UNKNOWN,4,1
170,171,UNKNOWN,UNKNOWN,2,1
170,191,UNKNOWN,UNKNOWN,5,1
170,202,UNKNOWN,UNKNOWN,2,1
170,236,UNKNOWN,UNKNOWN,2,1
170,271,UNKNOWN,UNKNOWN,2,1
170,272,UNKNOWN,UNKNOWN,1,1
170,274,UNKNOWN,UNKNOWN,1,1
170,275,UNKNOWN,UNKNOWN,1,1
170,276,UNKNOWN,UNKNOWN,1,1
170,277,UNKNOWN,UNKNOWN,2,1
170,279,UNKNOWN,UNKNOWN,1,1
171,27,UNKNOWN,UNKNOWN,1,1
171,31,UNKNOWN,UNKNOWN,1,1
171,53,UNKNOWN,UNKNOWN,7,1
171,54,UNKNOWN,UNKNOWN,7,1
171,55,UNKNOWN,UNKNOWN,8,1
171,56,UNKNOWN,UNKNOWN,6,1
171,57,UNKNOWN,UNKNOWN,5,1
171,58,UNKNOWN,UNKNOWN,1,1
171,59,UNKNOWN,UNKNOWN,1,1
171,60,UNKNOWN,UNKNOWN,1,1
171,70,UNKNOWN,UNKNOWN,1,1
171,94,UNKNOWN,UNKNOWN,1,1
171,96,UNKNOWN,UNKNOWN,1,1
171,97,UNKNOWN,UNKNOWN,3,1
171,98,UNKNOWN,UNKNOWN,4,1
171,99,UNKNOWN,UNKNOWN,1,1
171,100,UNKNOWN,UNKNOWN,2,1
171,101,UNKNOWN,UNKNOWN,1,1
171,111,UNKNOWN,UNKNOWN,1,1
171,136,UNKNOWN,UNKNOWN,1,1
171,157,UNKNOWN,UNKNOWN,1,1
171,170,UNKNOWN,UNKNOWN,3,1
171,172,UNKNOWN,UNKNOWN,1,1
171,181,UNKNOWN,UNKNOWN,1,1
171,184,UNKNOWN,UNKNOWN,1,1
171,191,UNKNOWN,UNKNOWN,5,1
171,237,UNKNOWN,UNKNOWN,2,1
171,271,UNKNOWN,UNKNOWN,1,1
171,275,UNKNOWN,UNKNOWN,3,1
171,277,UNKNOWN,UNKNOWN,2,1
171,278,UNKNOWN,UNKNOWN,3,1
171,279,UNKNOWN,UNKNOWN,1,1
172,53,UNKNOWN,UNKNOWN,6,1
172,54,UNKNOWN,UNKNOWN,6,1
172,106,UNKNOWN,UNKNOWN,1,1
172,170,UNKNOWN,UNKNOWN,1,1
172,171,UNKNOWN,UNKNOWN,6,1
172,287,UNKNOWN,UNKNOWN,1,1
173,53,UNKNOWN,UNKNOWN,6,1
173,54,UNKNOWN,UNKNOWN,9,1
173,108,UNKNOWN,UNKNOWN,3,1
173,170,UNKNOWN,UNKNOWN,13,1
173,171,UNKNOWN,UNKNOWN,10,1
173,172,UNKNOWN,UNKNOWN,1,1
173,269,UNKNOWN,UNKNOWN,1,1
174,68,UNKNOWN,UNKNOWN,11,1
174,71,UNKNOWN,UNKNOWN,1,1
174,108,UNKNOWN,UNKNOWN,3,1
174,157,UNKNOWN,UNKNOWN,7,1
174,158,UNKNOWN,UNKNOWN,8,1
174,170,UNKNOWN,UNKNOWN,2,1
174,181,UNKNOWN,UNKNOWN,1,1
175,53,UNKNOWN,UNKNOWN,2,1
175,56,UNKNOWN,UNKNOWN,1,1
175,57,UNKNOWN,UNKNOWN,3,1
175,58,UNKNOWN,UNKNOWN,3,1
175,59,UNKNOWN,UNKNOWN,1,1
175,62,UNKNOWN,UNKNOWN,1,1
175,63,UNKNOWN,UNKNOWN,1,1
175,66,UNKNOWN,UNKNOWN,5,1
175,67,UNKNOWN,UNKNOWN,5,1
175,70,UNKNOWN,UNKNOWN,2,1
175,80,UNKNOWN,UNKNOWN,1,1
175,81,UNKNOWN,UNKNOWN,2,1
175,102,UNKNOWN,UNKNOWN,2,1
175,169,UNKNOWN,UNKNOWN,1,1
175,170,UNKNOWN,UNKNOWN,1,1
175,176,UNKNOWN,UNKNOWN,5,1
175,182,UNKNOWN,UNKNOWN,1,1
175,183,UNKNOWN,UNKNOWN,1,1
175,192,UNKNOWN,UNKNOWN,1,1
176,53,UNKNOWN,UNKNOWN,2,1
176,55,UNKNOWN,UNKNOWN,1,1
176,56,UNKNOWN,UNKNOWN,2,1
176,58,UNKNOWN,UNKNOWN,1,1
176,59,UNKNOWN,UNKNOWN,3,1
176,66,UNKNOWN,UNKNOWN,4,1
176,67,UNKNOWN,UNKNOWN,1,1
176,70,UNKNOWN,UNKNOWN,2,1
176,80,UNKNOWN,UNKNOWN,1,1
176,81,UNKNOWN,UNKNOWN,2,1
176,104,UNKNOWN,UNKNOWN,1,1
176,114,UNKNOWN,UNKNOWN,1,1
176,169,UNKNOWN,UNKNOWN,2,1
176,170,UNKNOWN,UNKNOWN,1,1
176,175,UNKNOWN,UNKNOWN,1,1
176,182,UNKNOWN,UNKNOWN,2,1
176,183,UNKNOWN,UNKNOWN,2,1
176,282,UNKNOWN,UNKNOWN,1,1
176,283,UNKNOWN,UNKNOWN,1,1
176,289,UNKNOWN,UNKNOWN,1,1
176,295,UNKNOWN,UNKNOWN,1,1
176,296,UNKNOWN,UNKNOWN,1,1
177,0,UNKNOWN,UNKNOWN,1,1
177,27,UNKNOWN,UNKNOWN,1,1
177,53,UNKNOWN,UNKNOWN,1,1
177,54,UNKNOWN,UNKNOWN,1,1
177,55,UNKNOWN,UNKNOWN,5,1
177,56,UNKNOWN,UNKNOWN,6,1
177,58,UNKNOWN,UNKNOWN,2,1
177,60,UNKNOWN,UNKNOWN,1,1
177,65,UNKNOWN,UNKNOWN,1,1
177,171,UNKNOWN,UNKNOWN,3,1
177,194,UNKNOWN,UNKNOWN,2,1
178,5,UNKNOWN,UNKNOWN,1,1
178,27,UNKNOWN,UNKNOWN,2,1
178,44,UNKNOWN,UNKNOWN,1,1
178,53,UNKNOWN,UNKNOWN,1,1
178,54,UNKNOWN,UNKNOWN,2,1
178,55,UNKNOWN,UNKNOWN,4,1
178,56,UNKNOWN,UNKNOWN,5,1
178,64,UNKNOWN,UNKNOWN,3,1
178,70,UNKNOWN,UNKNOWN,4,1
178,103,UNKNOWN,UNKNOWN,1,1
178,110,UNKNOWN,UNKNOWN,1,1
178,170,UNKNOWN,UNKNOWN,4,1
178,171,UNKNOWN,UNKNOWN,7,1
178,180,UNKNOWN,UNKNOWN,1,1
178,186,UNKNOWN,UNKNOWN,2,1
178,195,UNKNOWN,UNKNOWN,1,1
178,198,UNKNOWN,UNKNOWN,1,1
178,218,UNKNOWN,UNKNOWN,1,1
179,10,UNKNOWN,UNKNOWN,3,1
179,47,UNKNOWN,UNKNOWN,1,1
179,49,UNKNOWN,UNKNOWN,4,1
179,113,UNKNOWN,UNKNOWN,2,1
179,217,UNKNOWN,UNKNOWN,1,1
180,11,UNKNOWN,UNKNOWN,7,1
180,40,UNKNOWN,UNKNOWN,1,1
180,50,UNKNOWN,UNKNOWN,4,1
180,55,UNKNOWN,UNKNOWN,1,1
180,62,UNKNOWN,UNKNOWN,1,1
180,70,UNKNOWN,UNKNOWN,1,1
180,73,UNKNOWN,UNKNOWN,2,1
180,102,UNKNOWN,UNKNOWN,1,1
180,110,UNKNOWN,UNKNOWN,1,1
180,114,UNKNOWN,UNKNOWN,1,1
180,182,UNKNOWN,UNKNOWN,1,1
180,193,UNKNOWN,UNKNOWN,1,1
180,286,UNKNOWN,UNKNOWN,1,1
181,0,UNKNOWN,UNKNOWN,1,1
181,35,UNKNOWN,UNKNOWN,1,1
181,55,UNKNOWN,UNKNOWN,4,1
181,56,UNKNOWN,UNKNOWN,4,1
181,66,UNKNOWN,UNKNOWN,3,1
181,67,UNKNOWN,UNKNOWN,2,1
181,68,UNKNOWN,UNKNOWN,1,1
181,94,UNKNOWN,UNKNOWN,1,1
181,96,UNKNOWN,UNKNOWN,1,1
181,97,UNKNOWN,UNKNOWN,1,1
181,108,UNKNOWN,UNKNOWN,1,1
181,123,UNKNOWN,UNKNOWN,1,1
181,124,UNKNOWN,UNKNOWN,1,1
181,127,UNKNOWN,UNKNOWN,1,1
181,128,UNKNOWN,UNKNOWN,1,1
181,157,UNKNOWN,UNKNOWN,1,1
181,158,UNKNOWN,UNKNOWN,1,1
181,171,UNKNOWN,UNKNOWN,1,1
181,199,UNKNOWN,UNKNOWN,3,1
181,200,UNKNOWN,UNKNOWN,3,1
181,225,UNKNOWN,UNKNOWN,1,1
181,246,UNKNOWN,UNKNOWN,1,1
182,12,UNKNOWN,UNKNOWN,2,1
182,13,UNKNOWN,UNKNOWN,4,1
182,68,UNKNOWN,UNKNOWN,7,1
182,69,UNKNOWN,UNKNOWN,7,1
182,70,UNKNOWN,UNKNOWN,2,1
182,110,UNKNOWN,UNKNOWN,2,1
182,194,UNKNOWN,UNKNOWN,2,1
182,195,UNKNOWN,UNKNOWN,3,1
182,196,UNKNOWN,UNKNOWN,1,1
182,214,UNKNOWN,UNKNOWN,1,1
182,215,UNKNOWN,UNKNOWN,2,1
182,216,UNKNOWN,UNKNOWN,3,1
182,239,UNKNOWN,UNKNOWN,1,1
183,66,UNKNOWN,UNKNOWN,1,1
183,182,UNKNOWN,UNKNOWN,2,1
183,184,UNKNOWN,UNKNOWN,1,1
183,261,UNKNOWN,UNKNOWN,1,1
184,54,UNKNOWN,UNKNOWN,1,1
184,58,UNKNOWN,UNKNOWN,1,1
184,171,UNKNOWN,UNKNOWN,1,1
184,182,UNKNOWN,UNKNOWN,1,1
184,261,UNKNOWN,UNKNOWN,1,1
185,84,UNKNOWN,UNKNOWN,1,0
185,186,UNKNOWN,UNKNOWN,1,0
185,203,UNKNOWN,UNKNOWN,2,0
185,204,UNKNOWN,UNKNOWN,4,0
185,205,UNKNOWN,UNKNOWN,12,0
185,206,UNKNOWN,UNKNOWN,7,0
185,207,UNKNOWN,UNKNOWN,6,0
185,208,UNKNOWN,UNKNOWN,6,0
185,209,UNKNOWN,UNKNOWN,9,0
185,210,UNKNOWN,UNKNOWN,11,0
185,230,UNKNOWN,UNKNOWN,2,0
185,242,UNKNOWN,UNKNOWN,8,0
185,243,UNKNOWN,UNKNOWN,10,0
185,244,UNKNOWN,UNKNOWN,6,0
185,245,UNKNOWN,UNKNOWN,11,0
186,85,UNKNOWN,UNKNOWN,1,0
186,126,UNKNOWN,UNKNOWN,1,0
186,185,UNKNOWN,UNKNOWN,4,0
186,203,UNKNOWN,UNKNOWN,1,0
186,205,UNKNOWN,UNKNOWN,10,0
186,206,UNKNOWN,UNKNOWN,11,0
186,207,UNKNOWN,UNKNOWN,3,0
186,208,UNKNOWN,UNKNOWN,8,0
186,209,UNKNOWN,UNKNOWN,12,0
186,210,UNKNOWN,UNKNOWN,10,0
186,222,UNKNOWN,UNKNOWN,1,0
186,230,UNKNOWN,UNKNOWN,1,0
186,231,UNKNOWN,UNKNOWN,1,0
186,232,UNKNOWN,UNKNOWN,1,0
186,242,UNKNOWN,UNKNOWN,7,0
186,243,UNKNOWN,UNKNOWN,7,0
186,244,UNKNOWN,UNKNOWN,13,0
186,245,UNKNOWN,UNKNOWN,7,0
187,13,UNKNOWN,UNKNOWN,2,1
187,51,UNKNOWN,UNKNOWN,1,1
187,53,UNKNOWN,UNKNOWN,1,1
187,56,UNKNOWN,UNKNOWN,1,1
187,58,UNKNOWN,UNKNOWN,1,1
187,59,UNKNOWN,UNKNOWN,1,1
187,60,UNKNOWN,UNKNOWN,5,1
187,79,UNKNOWN,UNKNOWN,1,1
187,185,UNKNOWN,UNKNOWN,3,1
187,245,UNKNOWN,UNKNOWN,2,1
188,12,UNKNOWN,UNKNOWN,1,1
188,21,UNKNOWN,UNKNOWN,1,1
188,54,UNKNOWN,UNKNOWN,2,1
188,59,UNKNOWN,UNKNOWN,3,1
188,60,UNKNOWN,UNKNOWN,1,1
188,78,UNKNOWN,UNKNOWN,1,1
188,186,UNKNOWN,UNKNOWN,2,1
188,195,UNKNOWN,UNKNOWN,1,1
188,196,UNKNOWN,UNKNOWN,1,1
188,242,UNKNOWN,UNKNOWN,1,1
189,1,UNKNOWN,UNKNOWN,1,1
189,53,UNKNOWN,UNKNOWN,5,1
189,54,UNKNOWN,UNKNOWN,6,1
189,69,UNKNOWN,UNKNOWN,1,1
189,197,UNKNOWN,UNKNOWN,1,1
189,198,UNKNOWN,UNKNOWN,3,1
189,204,UNKNOWN,UNKNOWN,1,1
189,216,UNKNOWN,UNKNOWN,1,1
189,238,UNKNOWN,UNKNOWN,2,1
189,242,UNKNOWN,UNKNOWN,3,1
189,243,UNKNOWN,UNKNOWN,3,1
189,245,UNKNOWN,UNKNOWN,1,1
190,1,UNKNOWN,UNKNOWN,1,1
190,53,UNKNOWN,UNKNOWN,5,1
190,54,UNKNOWN,UNKNOWN,5,1
190,239,UNKNOWN,UNKNOWN,1,1
190,242,UNKNOWN,UNKNOWN,4,1
190,243,UNKNOWN,UNKNOWN,3,1
190,244,UNKNOWN,UNKNOWN,2,1
190,245,UNKNOWN,UNKNOWN,1,1
191,31,UNKNOWN,UNKNOWN,1,0
191,91,UNKNOWN,UNKNOWN,3,0
191,102,UNKNOWN,UNKNOWN,4,0
191,103,UNKNOWN,UNKNOWN,4,0
191,104,UNKNOWN,UNKNOWN,3,0
191,290,UNKNOWN,UNKNOWN,1,0
191,294,UNKNOWN,UNKNOWN,1,0
192,23,UNKNOWN,UNKNOWN,2,1
192,55,UNKNOWN,UNKNOWN,10,1
192,56,UNKNOWN,UNKNOWN,1,1
192,65,UNKNOWN,UNKNOWN,1,1
192,67,UNKNOWN,UNKNOWN,2,1
192,177,UNKNOWN,UNKNOWN,3,1
192,197,UNKNOWN,UNKNOWN,4,1
193,44,UNKNOWN,UNKNOWN,2,1
193,55,UNKNOWN,UNKNOWN,1,1
193,56,UNKNOWN,UNKNOWN,17,1
193,61,UNKNOWN,UNKNOWN,1,1
193,64,UNKNOWN,UNKNOWN,1,1
193,66,UNKNOWN,UNKNOWN,1,1
193,67,UNKNOWN,UNKNOWN,2,1
193,114,UNKNOWN,UNKNOWN,1,1
193,170,UNKNOWN,UNKNOWN,1,1
193,171,UNKNOWN,UNKNOWN,1,1
193,178,UNKNOWN,UNKNOWN,4,1
193,198,UNKNOWN,UNKNOWN,4,1
193,200,UNKNOWN,UNKNOWN,1,1
194,21,UNKNOWN,UNKNOWN,1,1
194,25,UNKNOWN,UNKNOWN,1,1
194,59,UNKNOWN,UNKNOWN,1,1
194,60,UNKNOWN,UNKNOWN,1,1
194,69,UNKNOWN,UNKNOWN,2,1
194,79,UNKNOWN,UNKNOWN,1,1
194,110,UNKNOWN,UNKNOWN,1,1
194,187,UNKNOWN,UNKNOWN,1,1
194,201,UNKNOWN,UNKNOWN,2,1
194,215,UNKNOWN,UNKNOWN,1,1
194,220,UNKNOWN,UNKNOWN,3,1
195,26,UNKNOWN,UNKNOWN,1,1
195,60,UNKNOWN,UNKNOWN,2,1
195,68,UNKNOWN,UNKNOWN,4,1
195,69,UNKNOWN,UNKNOWN,1,1
195,188,UNKNOWN,UNKNOWN,1,1
195,201,UNKNOWN,UNKNOWN,1,1
195,219,UNKNOWN,UNKNOWN,4,1
196,5,UNKNOWN,UNKNOWN,1,1
196,20,UNKNOWN,UNKNOWN,4,1
196,21,UNKNOWN,UNKNOWN,4,1
196,52,UNKNOWN,UNKNOWN,1,1
196,79,UNKNOWN,UNKNOWN,1,1
196,82,UNKNOWN,UNKNOWN,1,1
196,83,UNKNOWN,UNKNOWN,1,1
196,84,UNKNOWN,UNKNOWN,1,1
196,85,UNKNOWN,UNKNOWN,1,1
196,131,UNKNOWN,UNKNOWN,2,1
196,132,UNKNOWN,UNKNOWN,1,1
196,151,UNKNOWN,UNKNOWN,2,1
196,152,UNKNOWN,UNKNOWN,2,1
196,153,UNKNOWN,UNKNOWN,1,1
196,154,UNKNOWN,UNKNOWN,6,1
196,185,UNKNOWN,UNKNOWN,11,1
196,186,UNKNOWN,UNKNOWN,8,1
196,187,UNKNOWN,UNKNOWN,5,1
196,188,UNKNOWN,UNKNOWN,4,1
196,199,UNKNOWN,UNKNOWN,5,1
196,200,UNKNOWN,UNKNOWN,3,1
196,213,UNKNOWN,UNKNOWN,2,1
196,214,UNKNOWN,UNKNOWN,1,1
196,257,UNKNOWN,UNKNOWN,1,1
197,53,UNKNOWN,UNKNOWN,1,1
197,55,UNKNOWN,UNKNOWN,2,1
197,56,UNKNOWN,UNKNOWN,3,1
197,187,UNKNOWN,UNKNOWN,1,1
197,207,UNKNOWN,UNKNOWN,1,1
197,208,UNKNOWN,UNKNOWN,1,1
197,216,UNKNOWN,UNKNOWN,1,1
197,222,UNKNOWN,UNKNOWN,1,1
197,223,UNKNOWN,UNKNOWN,3,1
197,224,UNKNOWN,UNKNOWN,2,1
197,243,UNKNOWN,UNKNOWN,5,1
197,244,UNKNOWN,UNKNOWN,1,1
198,1,UNKNOWN,UNKNOWN,1,1
198,12,UNKNOWN,UNKNOWN,4,1
198,53,UNKNOWN,UNKNOWN,2,1
198,55,UNKNOWN,UNKNOWN,2,1
198,56,UNKNOWN,UNKNOWN,5,1
198,66,UNKNOWN,UNKNOWN,1,1
198,68,UNKNOWN,UNKNOWN,1,1
198,188,UNKNOWN,UNKNOWN,1,1
198,202,UNKNOWN,UNKNOWN,1,1
198,207,UNKNOWN,UNKNOWN,3,1
198,208,UNKNOWN,UNKNOWN,1,1
198,215,UNKNOWN,UNKNOWN,1,1
198,216,UNKNOWN,UNKNOWN,1,1
198,223,UNKNOWN,UNKNOWN,3,1
198,224,UNKNOWN,UNKNOWN,3,1
198,242,UNKNOWN,UNKNOWN,2,1
198,243,UNKNOWN,UNKNOWN,4,1
199,151,UNKNOWN,UNKNOWN,1,1
199,152,UNKNOWN,UNKNOWN,1,1
200,151,UNKNOWN,UNKNOWN,1,1
200,152,UNKNOWN,UNKNOWN,1,1
201,9,UNKNOWN,UNKNOWN,1,1
201,20,UNKNOWN,UNKNOWN,3,1
201,21,UNKNOWN,UNKNOWN,5,1
201,51,UNKNOWN,UNKNOWN,1,1
201,75,UNKNOWN,UNKNOWN,1,1
201,79,UNKNOWN,UNKNOWN,1,1
201,108,UNKNOWN,UNKNOWN,2,1
201,113,UNKNOWN,UNKNOWN,1,1
201,177,UNKNOWN,UNKNOWN,1,1
201,185,UNKNOWN,UNKNOWN,5,1
201,186,UNKNOWN,UNKNOWN,1,1
201,194,UNKNOWN,UNKNOWN,1,1
201,252,UNKNOWN,UNKNOWN,5,1
201,253,UNKNOWN,UNKNOWN,1,1
202,59,UNKNOWN,UNKNOWN,7,0
202,60,UNKNOWN,UNKNOWN,7,0
202,68,UNKNOWN,UNKNOWN,1,0
202,69,UNKNOWN,UNKNOWN,4,0
202,70,UNKNOWN,UNKNOWN,2,0
202,83,UNKNOWN,UNKNOWN,1,0
202,84,UNKNOWN,UNKNOWN,2,0
202,85,UNKNOWN,UNKNOWN,1,0
202,150,UNKNOWN,UNKNOWN,1,0
202,187,UNKNOWN,UNKNOWN,3,0
202,188,UNKNOWN,UNKNOWN,5,0
202,197,UNKNOWN,UNKNOWN,1,0
202,198,UNKNOWN,UNKNOWN,4,0
202,205,UNKNOWN,UNKNOWN,1,0
202,207,UNKNOWN,UNKNOWN,2,0
202,208,UNKNOWN,UNKNOWN,4,0
202,243,UNKNOWN,UNKNOWN,2,0
202,245,UNKNOWN,UNKNOWN,1,0
202,257,UNKNOWN,UNKNOWN,1,0
203,185,UNKNOWN,UNKNOWN,1,0
203,186,UNKNOWN,UNKNOWN,1,0
203,207,UNKNOWN,UNKNOWN,2,0
203,222,UNKNOWN,UNKNOWN,3,0
203,233,UNKNOWN,UNKNOWN,2,0
203,243,UNKNOWN,UNKNOWN,1,0
204,185,UNKNOWN,UNKNOWN,2,0
204,186,UNKNOWN,UNKNOWN,1,0
204,205,UNKNOWN,UNKNOWN,1,0
204,208,UNKNOWN,UNKNOWN,1,0
204,210,UNKNOWN,UNKNOWN,1,0
204,214,UNKNOWN,UNKNOWN,1,0
204,221,UNKNOWN,UNKNOWN,2,0
204,232,UNKNOWN,UNKNOWN,2,0
204,242,UNKNOWN,UNKNOWN,2,0
204,245,UNKNOWN,UNKNOWN,2,0
205,210,UNKNOWN,UNKNOWN,7,1
206,209,UNKNOWN,UNKNOWN,12,1
206,254,UNKNOWN,UNKNOWN,1,1
207,150,UNKNOWN,UNKNOWN,2,1
207,185,UNKNOWN,UNKNOWN,4,1
207,186,UNKNOWN,UNKNOWN,3,1
207,206,UNKNOWN,UNKNOWN,1,1
207,208,UNKNOWN,UNKNOWN,3,1
207,213,UNKNOWN,UNKNOWN,1,1
207,215,UNKNOWN,UNKNOWN,1,1
208,68,UNKNOWN,UNKNOWN,1,1
208,185,UNKNOWN,UNKNOWN,3,1
208,186,UNKNOWN,UNKNOWN,7,1
208,198,UNKNOWN,UNKNOWN,2,1
208,202,UNKNOWN,UNKNOWN,1,1
208,205,UNKNOWN,UNKNOWN,1,1
208,207,UNKNOWN,UNKNOWN,1,1
209,206,UNKNOWN,UNKNOWN,6,1
210,205,UNKNOWN,UNKNOWN,4,1
210,235,UNKNOWN,UNKNOWN,1,1
210,237,UNKNOWN,UNKNOWN,1,1
211,187,UNKNOWN,UNKNOWN,1,0
211,188,UNKNOWN,UNKNOWN,1,0
214,243,UNKNOWN,UNKNOWN,1,0
215,68,UNKNOWN,UNKNOWN,4,1
215,69,UNKNOWN,UNKNOWN,4,1
215,182,UNKNOWN,UNKNOWN,1,1
215,195,UNKNOWN,UNKNOWN,1,1
215,208,UNKNOWN,UNKNOWN,3,1
215,218,UNKNOWN,UNKNOWN,1,1
216,68,UNKNOWN,UNKNOWN,3,1
216,69,UNKNOWN,UNKNOWN,3,1
216,207,UNKNOWN,UNKNOWN,2,1
217,0,UNKNOWN,UNKNOWN,1,1
217,13,UNKNOWN,UNKNOWN,1,1
217,23,UNKNOWN,UNKNOWN,1,1
217,25,UNKNOWN,UNKNOWN,1,1
217,43,UNKNOWN,UNKNOWN,1,1
217,53,UNKNOWN,UNKNOWN,1,1
217,56,UNKNOWN,UNKNOWN,2,1
217,59,UNKNOWN,UNKNOWN,2,1
217,82,UNKNOWN,UNKNOWN,1,1
217,191,UNKNOWN,UNKNOWN,1,1
217,207,UNKNOWN,UNKNOWN,1,1
217,208,UNKNOWN,UNKNOWN,3,1
217,209,UNKNOWN,UNKNOWN,3,1
217,220,UNKNOWN,UNKNOWN,1,1
217,232,UNKNOWN,UNKNOWN,1,1
217,236,UNKNOWN,UNKNOWN,2,1
217,237,UNKNOWN,UNKNOWN,1,1
217,240,UNKNOWN,UNKNOWN,1,1
217,252,UNKNOWN,UNKNOWN,1,1
218,1,UNKNOWN,UNKNOWN,1,1
218,15,UNKNOWN,UNKNOWN,1,1
218,26,UNKNOWN,UNKNOWN,1,1
218,44,UNKNOWN,UNKNOWN,1,1
218,54,UNKNOWN,UNKNOWN,1,1
218,56,UNKNOWN,UNKNOWN,1,1
218,57,UNKNOWN,UNKNOWN,1,1
218,60,UNKNOWN,UNKNOWN,3,1
218,66,UNKNOWN,UNKNOWN,1,1
218,201,UNKNOWN,UNKNOWN,1,1
218,207,UNKNOWN,UNKNOWN,4,1
218,208,UNKNOWN,UNKNOWN,2,1
218,210,UNKNOWN,UNKNOWN,5,1
218,253,UNKNOWN,UNKNOWN,1,1
219,208,UNKNOWN,UNKNOWN,1,1
220,213,UNKNOWN,UNKNOWN,1,1
220,217,UNKNOWN,UNKNOWN,1,1
221,12,UNKNOWN,UNKNOWN,1,1
221,53,UNKNOWN,UNKNOWN,6,1
221,197,UNKNOWN,UNKNOWN,3,1
221,198,UNKNOWN,UNKNOWN,6,1
221,218,UNKNOWN,UNKNOWN,1,1
222,13,UNKNOWN,UNKNOWN,1,1
222,54,UNKNOWN,UNKNOWN,3,1
222,149,UNKNOWN,UNKNOWN,1,1
222,197,UNKNOWN,UNKNOWN,4,1
222,198,UNKNOWN,UNKNOWN,5,1
222,215,UNKNOWN,UNKNOWN,1,1
222,217,UNKNOWN,UNKNOWN,1,1
223,12,UNKNOWN,UNKNOWN,1,1
223,25,UNKNOWN,UNKNOWN,1,1
223,53,UNKNOWN,UNKNOWN,17,1
223,150,UNKNOWN,UNKNOWN,1,1
223,197,UNKNOWN,UNKNOWN,2,1
223,198,UNKNOWN,UNKNOWN,12,1
223,216,UNKNOWN,UNKNOWN,2,1
223,243,UNKNOWN,UNKNOWN,8,1
224,54,UNKNOWN,UNKNOWN,13,1
224,197,UNKNOWN,UNKNOWN,5,1
224,198,UNKNOWN,UNKNOWN,2,1
224,242,UNKNOWN,UNKNOWN,6,1
225,262,UNKNOWN,UNKNOWN,1,1
228,13,UNKNOWN,UNKNOWN,1,1
228,23,UNKNOWN,UNKNOWN,1,1
228,53,UNKNOWN,UNKNOWN,1,1
228,54,UNKNOWN,UNKNOWN,3,1
228,59,UNKNOWN,UNKNOWN,1,1
228,111,UNKNOWN,UNKNOWN,1,1
228,190,UNKNOWN,UNKNOWN,1,1
228,202,UNKNOWN,UNKNOWN,3,1
228,215,UNKNOWN,UNKNOWN,1,1
229,6,UNKNOWN,UNKNOWN,1,1
229,12,UNKNOWN,UNKNOWN,2,1
229,53,UNKNOWN,UNKNOWN,2,1
229,55,UNKNOWN,UNKNOWN,6,1
229,56,UNKNOWN,UNKNOWN,4,1
229,108,UNKNOWN,UNKNOWN,3,1
229,190,UNKNOWN,UNKNOWN,1,1
229,219,UNKNOWN,UNKNOWN,2,1
229,220,UNKNOWN,UNKNOWN,1,1
238,54,UNKNOWN,UNKNOWN,1,1
238,211,UNKNOWN,UNKNOWN,3,1
238,224,UNKNOWN,UNKNOWN,1,1
239,53,UNKNOWN,UNKNOWN,1,1
239,211,UNKNOWN,UNKNOWN,4,1
239,223,UNKNOWN,UNKNOWN,3,1
240,167,UNKNOWN,UNKNOWN,1,1
240,214,UNKNOWN,UNKNOWN,5,1
240,221,UNKNOWN,UNKNOWN,3,1
241,214,UNKNOWN,UNKNOWN,3,1
241,222,UNKNOWN,UNKNOWN,4,1
242,185,UNKNOWN,UNKNOWN,1,1
242,186,UNKNOWN,UNKNOWN,1,1
242,245,UNKNOWN,UNKNOWN,2,1
243,185,UNKNOWN,UNKNOWN,2,1
243,186,UNKNOWN,UNKNOWN,1,1
244,181,UNKNOWN,UNKNOWN,1,1
244,185,UNKNOWN,UNKNOWN,3,1
244,186,UNKNOWN,UNKNOWN,8,1
244,203,UNKNOWN,UNKNOWN,1,1
244,206,UNKNOWN,UNKNOWN,1,1
244,243,UNKNOWN,UNKNOWN,4,1
245,185,UNKNOWN,UNKNOWN,7,1
245,186,UNKNOWN,UNKNOWN,5,1
245,204,UNKNOWN,UNKNOWN,1,1
245,205,UNKNOWN,UNKNOWN,1,1
245,242,UNKNOWN,UNKNOWN,2,1
246,123,UNKNOWN,UNKNOWN,2,1
246,199,UNKNOWN,UNKNOWN,3,1
246,212,UNKNOWN,UNKNOWN,1,1
247,124,UNKNOWN,UNKNOWN,1,1
247,200,UNKNOWN,UNKNOWN,3,1
247,210,UNKNOWN,UNKNOWN,1,1
247,211,UNKNOWN,UNKNOWN,1,1
247,213,UNKNOWN,UNKNOWN,1,1
247,255,UNKNOWN,UNKNOWN,1,1
248,199,UNKNOWN,UNKNOWN,3,1
248,212,UNKNOWN,UNKNOWN,1,1
248,213,UNKNOWN,UNKNOWN,1,1
248,214,UNKNOWN,UNKNOWN,2,1
249,126,UNKNOWN,UNKNOWN,1,1
249,200,UNKNOWN,UNKNOWN,3,1
249,209,UNKNOWN,UNKNOWN,1,1
249,213,UNKNOWN,UNKNOWN,2,1
249,214,UNKNOWN,UNKNOWN,2,1
250,55,UNKNOWN,UNKNOWN,1,1
250,82,UNKNOWN,UNKNOWN,1,1
250,125,UNKNOWN,UNKNOWN,1,1
250,190,UNKNOWN,UNKNOWN,1,1
250,206,UNKNOWN,UNKNOWN,1,1
250,232,UNKNOWN,UNKNOWN,1,1
250,239,UNKNOWN,UNKNOWN,1,1
250,252,UNKNOWN,UNKNOWN,2,1
251,1,UNKNOWN,UNKNOWN,1,1
251,56,UNKNOWN,UNKNOWN,1,1
251,83,UNKNOWN,UNKNOWN,1,1
251,126,UNKNOWN,UNKNOWN,3,1
251,132,UNKNOWN,UNKNOWN,1,1
251,190,UNKNOWN,UNKNOWN,1,1
251,207,UNKNOWN,UNKNOWN,1,1
251,208,UNKNOWN,UNKNOWN,1,1
251,233,UNKNOWN,UNKNOWN,2,1
251,238,UNKNOWN,UNKNOWN,1,1
251,253,UNKNOWN,UNKNOWN,6,1
252,43,UNKNOWN,UNKNOWN,1,1
252,51,UNKNOWN,UNKNOWN,5,1
252,55,UNKNOWN,UNKNOWN,1,1
252,59,UNKNOWN,UNKNOWN,4,1
252,67,UNKNOWN,UNKNOWN,1,1
252,185,UNKNOWN,UNKNOWN,8,1
252,189,UNKNOWN,UNKNOWN,1,1
252,194,UNKNOWN,UNKNOWN,3,1
252,217,UNKNOWN,UNKNOWN,2,1
253,52,UNKNOWN,UNKNOWN,4,1
253,55,UNKNOWN,UNKNOWN,1,1
253,56,UNKNOWN,UNKNOWN,2,1
253,60,UNKNOWN,UNKNOWN,2,1
253,154,UNKNOWN,UNKNOWN,1,1
253,186,UNKNOWN,UNKNOWN,3,1
253,195,UNKNOWN,UNKNOWN,2,1
253,200,UNKNOWN,UNKNOWN,3,1
253,208,UNKNOWN,UNKNOWN,1,1
253,218,UNKNOWN,UNKNOWN,1,1
253,233,UNKNOWN,UNKNOWN,1,1
254,60,UNKNOWN,UNKNOWN,2,1
254,187,UNKNOWN,UNKNOWN,1,1
254,206,UNKNOWN,UNKNOWN,4,1
254,209,UNKNOWN,UNKNOWN,6,1
254,242,UNKNOWN,UNKNOWN,1,1
254,243,UNKNOWN,UNKNOWN,1,1
255,59,UNKNOWN,UNKNOWN,2,1
255,60,UNKNOWN,UNKNOWN,2,1
255,188,UNKNOWN,UNKNOWN,1,1
255,205,UNKNOWN,UNKNOWN,3,1
255,210,UNKNOWN,UNKNOWN,5,1
255,242,UNKNOWN,UNKNOWN,4,1
256,56,UNKNOWN,UNKNOWN,1,1
256,60,UNKNOWN,UNKNOWN,5,1
256,127,UNKNOWN,UNKNOWN,1,1
256,185,UNKNOWN,UNKNOWN,1,1
256,187,UNKNOWN,UNKNOWN,2,1
256,196,UNKNOWN,UNKNOWN,1,1
256,202,UNKNOWN,UNKNOWN,1,1
256,205,UNKNOWN,UNKNOWN,4,1
256,210,UNKNOWN,UNKNOWN,2,1
256,237,UNKNOWN,UNKNOWN,1,1
256,245,UNKNOWN,UNKNOWN,4,1
257,53,UNKNOWN,UNKNOWN,1,1
257,59,UNKNOWN,UNKNOWN,6,1
257,128,UNKNOWN,UNKNOWN,1,1
257,186,UNKNOWN,UNKNOWN,1,1
257,188,UNKNOWN,UNKNOWN,1,1
257,206,UNKNOWN,UNKNOWN,6,1
257,209,UNKNOWN,UNKNOWN,4,1
257,235,UNKNOWN,UNKNOWN,1,1
257,236,UNKNOWN,UNKNOWN,1,1
257,244,UNKNOWN,UNKNOWN,3,1
258,102,UNKNOWN,UNKNOWN,9,1
258,286,UNKNOWN,UNKNOWN,2,1
260,107,UNKNOWN,UNKNOWN,10,1
260,176,UNKNOWN,UNKNOWN,2,1
260,271,UNKNOWN,UNKNOWN,1,1
260,289,UNKNOWN,UNKNOWN,4,1
261,30,UNKNOWN,UNKNOWN,2,1
261,93,UNKNOWN,UNKNOWN,3,1
261,94,UNKNOWN,UNKNOWN,5,1
261,101,UNKNOWN,UNKNOWN,4,1
261,107,UNKNOWN,UNKNOWN,2,1
261,135,UNKNOWN,UNKNOWN,2,1
261,170,UNKNOWN,UNKNOWN,2,1
261,171,UNKNOWN,UNKNOWN,3,1
261,260,UNKNOWN,UNKNOWN,1,1
261,289,UNKNOWN,UNKNOWN,3,1
261,290,UNKNOWN,UNKNOWN,11,1
262,53,UNKNOWN,UNKNOWN,1,1
262,102,UNKNOWN,UNKNOWN,13,1
262,263,UNKNOWN,UNKNOWN,2,1
262,270,UNKNOWN,UNKNOWN,2,1
262,286,UNKNOWN,UNKNOWN,2,1
262,291,UNKNOWN,UNKNOWN,8,1
263,102,UNKNOWN,UNKNOWN,18,1
263,103,UNKNOWN,UNKNOWN,11,1
263,264,UNKNOWN,UNKNOWN,1,1
263,291,UNKNOWN,UNKNOWN,3,1
263,292,UNKNOWN,UNKNOWN,3,1
264,57,UNKNOWN,UNKNOWN,1,1
264,103,UNKNOWN,UNKNOWN,21,1
264,274,UNKNOWN,UNKNOWN,2,1
264,293,UNKNOWN,UNKNOWN,3,1
265,103,UNKNOWN,UNKNOWN,5,1
265,104,UNKNOWN,UNKNOWN,13,1
265,294,UNKNOWN,UNKNOWN,2,1
266,104,UNKNOWN,UNKNOWN,24,1
266,276,UNKNOWN,UNKNOWN,2,1
266,294,UNKNOWN,UNKNOWN,1,1
266,295,UNKNOWN,UNKNOWN,2,1
267,104,UNKNOWN,UNKNOWN,3,1
267,105,UNKNOWN,UNKNOWN,12,1
267,296,UNKNOWN,UNKNOWN,9,1
268,105,UNKNOWN,UNKNOWN,21,1
268,269,UNKNOWN,UNKNOWN,1,1
268,277,UNKNOWN,UNKNOWN,1,1
268,279,UNKNOWN,UNKNOWN,1,1
268,296,UNKNOWN,UNKNOWN,5,1
268,297,UNKNOWN,UNKNOWN,5,1
269,105,UNKNOWN,UNKNOWN,3,1
269,106,UNKNOWN,UNKNOWN,15,1
269,182,UNKNOWN,UNKNOWN,1,1
269,279,UNKNOWN,UNKNOWN,6,1
269,298,UNKNOWN,UNKNOWN,10,1
270,13,UNKNOWN,UNKNOWN,1,1
270,102,UNKNOWN,UNKNOWN,1,1
270,108,UNKNOWN,UNKNOWN,1,1
270,197,UNKNOWN,UNKNOWN,2,1
270,215,UNKNOWN,UNKNOWN,2,1
270,221,UNKNOWN,UNKNOWN,9,1
270,222,UNKNOWN,UNKNOWN,2,1
270,225,UNKNOWN,UNKNOWN,1,1
270,258,UNKNOWN,UNKNOWN,3,1
270,263,UNKNOWN,UNKNOWN,1,1
270,286,UNKNOWN,UNKNOWN,3,1
270,291,UNKNOWN,UNKNOWN,1,1
271,107,UNKNOWN,UNKNOWN,9,1
271,182,UNKNOWN,UNKNOWN,1,1
271,288,UNKNOWN,UNKNOWN,1,1
271,289,UNKNOWN,UNKNOWN,2,1
272,107,UNKNOWN,UNKNOWN,7,1
272,171,UNKNOWN,UNKNOWN,1,1
272,261,UNKNOWN,UNKNOWN,1,1
273,102,UNKNOWN,UNKNOWN,20,1
273,103,UNKNOWN,UNKNOWN,1,1
273,262,UNKNOWN,UNKNOWN,1,1
273,282,UNKNOWN,UNKNOWN,1,1
273,291,UNKNOWN,UNKNOWN,9,1
273,292,UNKNOWN,UNKNOWN,3,1
274,103,UNKNOWN,UNKNOWN,37,1
274,264,UNKNOWN,UNKNOWN,1,1
275,103,UNKNOWN,UNKNOWN,6,1
275,104,UNKNOWN,UNKNOWN,16,1
276,104,UNKNOWN,UNKNOWN,27,1
276,295,UNKNOWN,UNKNOWN,7,1
277,105,UNKNOWN,UNKNOWN,30,1
277,268,UNKNOWN,UNKNOWN,1,1
277,278,UNKNOWN,UNKNOWN,1,1
277,295,UNKNOWN,UNKNOWN,1,1
277,296,UNKNOWN,UNKNOWN,8,1
278,105,UNKNOWN,UNKNOWN,2,1
279,106,UNKNOWN,UNKNOWN,30,1
279,269,UNKNOWN,UNKNOWN,9,1
279,280,UNKNOWN,UNKNOWN,3,1
279,287,UNKNOWN,UNKNOWN,1,1
279,298,UNKNOWN,UNKNOWN,10,1
280,106,UNKNOWN,UNKNOWN,8,1
280,279,UNKNOWN,UNKNOWN,1,1
280,287,UNKNOWN,UNKNOWN,5,1
281,70,UNKNOWN,UNKNOWN,2,1
281,102,UNKNOWN,UNKNOWN,7,1
281,103,UNKNOWN,UNKNOWN,6,1
281,104,UNKNOWN,UNKNOWN,6,1
281,110,UNKNOWN,UNKNOWN,1,1
281,182,UNKNOWN,UNKNOWN,2,1
281,282,UNKNOWN,UNKNOWN,3,1
281,283,UNKNOWN,UNKNOWN,1,1
